First Name,Company,Position,Connected On
William,Pinnacle Dynamics,Marketing Specialist,25-Jun-24
Rafael,NovaTech Solutions,Partner,24-Jun-24
Pruthvi,Horizon Ventures,Solar Energy Consultant,24-Jun-24
Emma,Elevate Media,IT Recruitment Resourcer,20-Jun-24
Mohammed,Radiant Software,"Diversity, Equity and Inclusion Consultant",19-Jun-24
Emma,Titanium Systems,Principal - Data Engineering and AI,17-Jun-24
Abigail,Eclipse Dynamics,"Freelance coach, trainer and facilitator",17-Jun-24
Tobias,Vertex Ventures,Director Of Operations,17-Jun-24
Steve,Ascend Global,Coach,15-Jun-24
Emma,Pinnacle Dynamics,Director ,15-Jun-24
Pruthvi,Blue Horizon Group,Team lead,13-Jun-24
Rafael,Eclipse Dynamics,Master of Analytics,05-Jun-24
Mark,Pinnacle Services,Senior Developmental Editor,31-May-24
Steve,Optima Enterprises,Data Science Manager,31-May-24
Steve,Eclipse Dynamics,Communication and social media coordinator of the Postgraduate Research Student Conference,28-May-24
Emma,TerraTech Industries,Delivery Module Lead,25-May-24
Mike,Luminous Labs,Android Developer,22-May-24
Kalyani,Titanium Systems,Iguazio VP Marketing,17-May-24
Liam,Trailblazer Systems,Associate Partner,17-May-24
Emma,Omega Innovations,AI Specialist,17-May-24
Noah,Aurora Dynamics,Senior Software Engineer,17-May-24
Olivia,Pinnacle Dynamics,Quant/Risk Recruiter,14-May-24
William,Eclipse Dynamics,Administrative Assistant,13-May-24
Ava,Eclipse Dynamics,Head of Customer Success,29-Apr-24
James,Eclipse Dynamics,Senior developer relations marketing executive,29-Apr-24
Isabella,Vertex Systems,Senior Data Scientist I (ASC equiv.),28-Apr-24
Logan,Stellar Ventures,Principal Product Manager,27-Apr-24
Sophia,Apex Dynamics,Engineering Manager,25-Apr-24
Benjamin,Optima Enterprises,Technical Writer 1,23-Apr-24
Mia,Optima Enterprises, I.T. Training Lead and Technical Writer,22-Apr-24
Mason,Optima Enterprises,Consultant data scientist and writer,18-Apr-24
Amelia,Radiant Ventures,CEO & Founder,17-Apr-24
Elijah,Vertex Systems,Staff Technical Writer,16-Apr-24
Harper,Infinity Resources,"Priest-in-Charge, The Northleach Benefice",15-Apr-24
Oliver,Titanium Systems,Recruitment Consultant,15-Apr-24
Evelyn,Optima Enterprises,Self-Service Solutions Manager,11-Apr-24
Jacob,Ascend Industries,Technical UX Designer,11-Apr-24
Abigail,Pinnacle Dynamics,"Coach, Trainer, Speaker",10-Apr-24
Lucas,Nexus Global,Senior Talent Acquisition Specialist,08-Apr-24
Emily,Blue Horizon Group,Data Scientist,08-Apr-24
Michael,Pinnacle Dynamics,Senior Human Resources Business Partner Europe,08-Apr-24
Ella,Innovative Synergy,Senior Headhunter,04-Apr-24
Alexander,Quantum Solutions,Managing Director,04-Apr-24
Elizabeth,Elevate Enterprises,"Director, Sales & Service",19-Mar-24
Ethan,Vertex Systems,Principal Engineer I,18-Mar-24
Camila,Catalyst Logistics,Senior Machine Learning Engineer,15-Mar-24
Daniel,Zenith Technologies,Market Research Intern,14-Mar-24
Luna,Ascend Industries,Director of Product & Engineering,09-Mar-24
Matthew,Elevate Enterprises,Content Manager,07-Mar-24
Sofia,Pinnacle Dynamics,Senior Associate,07-Mar-24
Aiden,Zenith Enterprises,Associate,07-Mar-24
Avery,Omega Innovations,Founder and Director - Advisory & Consultancy,05-Mar-24
Henry,Optima Enterprises,Trainee engineer,04-Mar-24
Mila,Eclipse Dynamics,Senior Technical Recruiter,01-Mar-24
Joseph,SummitTech Services,Technical Writer,28-Feb-24
Aria,Elevate Media,Community Partnerships Lead,27-Feb-24
Jackson,Vantage Partners,Senior Data Scientist,23-Feb-24
Scarlett,NovaTech Solutions,Senior Frontend Engineer,23-Feb-24
Samuel,Stratosphere Holdings,Head of Datalab - AI solutions and delivery,22-Feb-24
Penelope,Stratosphere Holdings,Technical Writer,21-Feb-24
Sebastian,Vertex Systems,Technical Author III,20-Feb-24
Layla,Optima Enterprises,Product Manager,13-Feb-24
David,Horizon Technologies,Associate Partner,13-Feb-24
Chloe,Blue Horizon Group,Product Manager,10-Feb-24
Carter,Elevate Media,Security Manager II,08-Feb-24
Victoria,Infinity Resources,Head Of Finance,07-Feb-24
Wyatt,Eclipse Dynamics,Senior Site Reliability Engineer,07-Feb-24
Madison,Pinnacle Dynamics,Software Engineer,04-Feb-24
Jayden,Apex Innovations,Senior Machine Learning Engineer II,31-Jan-24
Eleanor,Polaris Technologies,Senior Manager | People & Performance,29-Jan-24
John,Horizon Ventures,Senior Software Engineer,29-Jan-24
Grace,Apex Innovations,Founding Director,23-Jan-24
Owen,Pinnacle Dynamics,Technical UX Designer (UX Engineer),23-Jan-24
Nora,Nexus Global,"Senior Expert, Data & Analytics (Associate Partner level)",22-Jan-24
Dylan,Ascend Global,Managing Consultant,22-Jan-24
Riley,Elevate Media,UX Designer,19-Jan-24
Luke,Pinnacle Dynamics,Headhunter - Managing Director,19-Jan-24
Zoey,Radiant Software,Artificial Intelligence research intern,18-Jan-24
Gabriel,Omega Innovations,Data Science & Al Consultant,18-Jan-24
Hannah,Catalyst Logistics,Partner,18-Jan-24
Anthony,Horizon Technologies,Senior Machine Learning Engineer,17-Jan-24
Hazel,Stellar Ventures,Principal  Data Scientist,16-Jan-24
Isaac,Pinnacle Dynamics,"Manager, Global Learning",16-Jan-24
Lily,Vertex Innovations,Head - Content & Alliances - JioChat,15-Jan-24
Grayson,Innovative Synergy,People Communications & Engagement Program Manager,15-Jan-24
Ellie,Ascend Industries,"Supervising Producer of Small Victories, a dramatic podcast series",09-Jan-24
Jack,TerraTech Industries,RPA Developer,08-Jan-24
Violet,Pinnacle Dynamics,Documentation Consultant,08-Jan-24
Julian,NextGen Innovations,"Director, Coach Education Pathways ",08-Jan-24
Lillian,Quantum Solutions,Developer Relations Lead,28-Dec-23
Levi,Apex Innovations,Research Intern,18-Dec-23
Addison,Vertex Ventures,Software Development Manager,04-Dec-23
Christopher,Apex Innovations,Business Professional,29-Nov-23
Aubrey,Vertex Systems,Chief Technology Officer,28-Nov-23
Joshua,Nexus Global,Jr. Principal Data Scientist,23-Nov-23
Stella,Quantum Solutions,Principal Machine Learning Engineer I,23-Nov-23
Andrew,Optima Enterprises,Software Engineer Intern,23-Nov-23
Natalie,Pinnacle Dynamics,Manager | Data Science and Software Development ,12-Nov-23
Lincoln,Vertex Innovations,Founder,07-Nov-23
Zoe,Ascend Global,Business Development and Marketing Intern,06-Nov-23
Mateo,Radiant Software,Machine Learning Engineer,06-Nov-23
Leah,Peak Performance Solutions,Partner,02-Nov-23
Ryan,Pinnacle Dynamics,Founder,31-Oct-23
Hazel,Nexus Global,Junior Technical Writer,30-Oct-23
Jaxon,Pinnacle Dynamics,Paid Ads Media Buyer,27-Oct-23
Lucy,Vertex Systems,Founder and CEO,26-Oct-23
Nathan,Vanguard Consulting,Marketing Manager,23-Oct-23
Paisley,Apex Innovations,"Technical Writer, SaaS Copywriter & Branding Consultant",20-Oct-23
Aaron,Eclipse Dynamics,Senior Data Scientist,17-Oct-23
Savannah,Catalyst Innovations,Content Creator,15-Oct-23
Isaiah,Synergy Dynamics,Commissioning Editor,29-Sep-23
Claire,Omega Innovations,Well Construction Division Technical Communications Manager,26-Sep-23
Thomas,Quantum Solutions,Head of user content,26-Sep-23
Skylar,Optima Enterprises,Senior Manager,26-Sep-23
Charles,Vertex Systems,Software Engineer Intern,18-Sep-23
Bella,Fusion Corp,Software Developer,02-Sep-23
Caleb,Pinnacle Dynamics,Senior Data Engineer,02-Sep-23
Aurora,Catalyst Innovations,People and Culture Specialist,24-Aug-23
Andra,Elevate Media,AI Engineer,19-Aug-23
Alain,Ascend Global,Technical Writer,19-Aug-23
Dmitri,Stellar Ventures,Senior Content Engineer,16-Aug-23
Tobias,Fusion Corp,Senior Recruitment Resourcer and Consultant ,15-Aug-23
Emilia,Apex Innovations,Director,10-Aug-23
Mohammed,Elevate Media,Senior Software Engineer,08-Aug-23
Andra,Vertex Ventures,Data Scientist - Clearstream,08-Aug-23
Kalyani,Fusion Corp,"Senior Scientist, Research",28-Jul-23
Rafael,Optima Enterprises,Software Engineer II,27-Jul-23
Tobias,Horizon Technologies,Lead Technical Writer,15-Jul-23
Aysha,Pinnacle Dynamics,Principal Data Engineer,12-Jul-23
Mohammed,Eclipse Dynamics,Co-Founder,12-Jul-23
Rafael,Optima Enterprises,Machine Learning Engineer,11-Jul-23
Kalyani,Vanguard Consulting,"Consultant, Data Engineer",11-Jul-23
Rafael,Elevate Media,Data Engineer II,11-Jul-23
Abigail,Equinox Energy,Senior Data Scientist,10-Jul-23
Pruthvi,Elevate Media,Engagement Manager,07-Jul-23
Rafael,Ascend Industries,Content Writer,04-Jul-23
Abigail,Radiant Software,Senior Software Engineer,19-Jun-23
Mike,Ascend Industries,"Chair, Trainee",15-Jun-23
Sofia,NextGen Innovations,Product Manager - AI Modelling,15-Jun-23
Tobias,Vertex Innovations,Working Student,14-Jun-23
Sofia,SummitTech Services,Senior Data Engineer,30-May-23
Mark,Stratosphere Holdings,Chief Operating Officer,26-May-23
Kalyani,Optima Enterprises,Chief Technology Officer,25-May-23
Mark,Radiant Ventures,"Partner, Global Head of Data Engineering",21-May-23
Kalyani,Vertex Innovations,Assistant Professor,18-May-23
William,Elevate Media,"Associate Partner, Director of Cyber Security",14-May-23
Sofia,Apex Innovations,"Senior Principal - Data, Analytics & AI",08-May-23
William,Synergy Dynamics,Senior Data Engineer / Team Lead,08-May-23
Dmitri,Optima Enterprises,Machine Learning Architect,06-May-23
Abigail,Summit Networks,Senior MLOps Engineer,04-May-23
Mark,Ascend Industries,Managing Director - Solutions Field Engineering,26-Apr-23
Abigail,Omega Innovations,"VP, Consulting & SI Program - Scale Ecosystem",25-Apr-23
Aysha,Pinnacle Dynamics,Developer Relations (AI/ML),25-Apr-23
Nitin,Apex Innovations,Associate Partner,20-Apr-23
Mark,Pinnacle Dynamics,Independent Advisor,17-Apr-23
Isabella,Nexus Global,Knowledge Base Ninja - Document360,12-Apr-23
Emilia,Apex Innovations,Principal Data Scientist,11-Apr-23
Steve,Eclipse Dynamics,Client Director,10-Apr-23
Andra,Stellar Ventures,,29-Mar-23
Emma,Catalyst Logistics,"Account Executive, Capital Markets",16-Mar-23
Sofia,QuantumWave Solutions,Technical Product Manager ,16-Mar-23
Nitin,NovaTech Solutions,Interim Director of Communications,27-Feb-23
Andra,Vertex Systems,Global Community Manager,18-Feb-23
Sofia,Omega Innovations,Data Engineer II,10-Feb-23
Dmitri,Infinity Resources,Software Engineer,09-Feb-23
Isabella,Quantum Solutions,Technical Recruiter,09-Feb-23
Rafael,Polaris Technologies,Co-Founder,09-Feb-23
Rafael,Elevate Enterprises,CEO and Co-founder,03-Feb-23
Abigail,Vanguard Consulting,Senior Web Marketing Manager,02-Feb-23
Isabella,Peak Performance Solutions,Solutions Architect - Startups,01-Feb-23
Emilia,Elevate Enterprises,Integrated Marketing Manager,23-Jan-23
Aysha,Catalyst Logistics,Founder,23-Jan-23
Emilia,SummitTech Services,Co-Founder,18-Jan-23
Emma,Vertex Systems,Head of Marketing and Employer Branding,17-Jan-23
Steve,Horizon Technologies,Editor,13-Jan-23
Laura,Stratosphere Holdings,Developer Advocate,12-Jan-23
Sofia,Horizon Technologies,Senior Talent Acquisition Partner,11-Jan-23
Mohammed,Zenith Technologies,Head of Sales Enablement,03-Jan-23
Emilia,Apex Innovations,Senior Data Engineer,03-Jan-23
Dmitri,Horizon Technologies,Digital Workplace Change Manager,27-Dec-22
Emma,Luminous Labs,Senior Distributed Systems Engineer,27-Dec-22
Abigail,Pinnacle Dynamics,Software Engineer,27-Dec-22
Andra,Pinnacle Dynamics,Operations Manager,20-Dec-22
Pruthvi,Equinox Energy,Founder,16-Dec-22
Andra,QuantumWave Solutions,"Founder, CEO",12-Dec-22
Kalyani,Apex Innovations,Founder and AXIS ACAP expert,06-Dec-22
William,Catalyst Logistics,DevEd for Frontend Developer,06-Dec-22
Sofia,Omega Innovations,CEO and Founder,04-Dec-22
William,Apex Innovations,Principal Technical Writer,04-Dec-22
Laura,Stellar Ventures,Market Access Manager,01-Dec-22
Emilia,PrimeWave Technologies,Founder,01-Dec-22
Aysha,NextGen Innovations,Head of AI Public Policy and Ethics,30-Nov-22
Mark,Vertex Innovations,Public Relations Specialist,29-Nov-22
Kalyani,NextGen Innovations,Principal Engineer,27-Nov-22
Pruthvi,Vanguard Consulting,Senior GCP Data Engineer,25-Nov-22
Abigail,Omega Innovations,Associate,19-Nov-22
Dmitri,Pinnacle Dynamics,Managing Director,15-Nov-22
Kalyani,Optima Enterprises,Ambassador Programs,15-Nov-22
William,QuantumWave Solutions,Freelance Journalist and Writer,11-Nov-22
Emma,Aurora Dynamics,Product Marketing Manager,09-Nov-22
Tobias,Optima Enterprises,Associate,08-Nov-22
Emilia,Eclipse Dynamics,Associate,08-Nov-22
William,Horizon Ventures,Sourcing Recruiter - Digital & Transformation,07-Nov-22
Tobias,Aurora Dynamics,Engenheiro de dados,05-Nov-22
Mark,Aurora Dynamics,Principal Data Scientist,03-Nov-22
Aysha,Elevate Enterprises,Recruitment Consultant,03-Nov-22
Andra,Optima Enterprises,Experience Professional Recruiter - Firm Function ,26-Oct-22
Tobias,Omega Innovations,Independent Contractor,19-Oct-22
Isabella,Elevate Media,Principal Product Manager,15-Oct-22
Liam,Horizon Technologies,"Outreachy participant, working on the OpenStack Project",08-Oct-22
Emma,Equinox Energy,Founder & CEO,26-Sep-22
Noah,Horizon Ventures,Managing Director,15-Sep-22
Olivia,NovaTech Solutions,"Founder, Managing Director",12-Sep-22
William,Catalyst Logistics,Founder and CEO,05-Sep-22
Ava,Omega Innovations,Product UX/UI Designer,23-Aug-22
James,Vertex Innovations,Chief Technology Officer,23-Aug-22
Isabella,Optima Enterprises,Enterprise Customer Success Manager ,23-Aug-22
Logan,Pinnacle Dynamics,Senior Software Engineer,16-Aug-22
Sophia,Vertex Systems,UX Researcher,11-Aug-22
Benjamin,Eclipse Dynamics,Founder,08-Aug-22
Mia,Infinity Resources,Co-Founder,27-Jul-22
Mason,QuantumWave Solutions,Director Channel Sales,15-Jul-22
Amelia,Apex Innovations,Frontend Engineer,14-Jul-22
Elijah,Zenith Enterprises,Senior Product Manager,14-Jul-22
Harper,Blue Horizon Group,Owner,14-Jul-22
Oliver,Innovative Synergy,Data Team Lead,12-Jul-22
Evelyn,Horizon Technologies,Head of Developer Relations & Developer Marketing,12-Jul-22
Jacob,Optima Enterprises,Chief Marketing Officer,12-Jul-22
Abigail,Fusion Corp,Technical Author,07-Jul-22
Lucas,Blue Horizon Group,Account Executive,21-Jun-22
Emily,Luminous Labs,Junior Product Manager,16-Jun-22
Michael,Eclipse Dynamics,Pilates Instructor,15-Jun-22
Ella,Vertex Systems,Lead Recruiter - Software/Cloud Engineering,14-Jun-22
Alexander,Trailblazer Systems,,09-Jun-22
Elizabeth,QuantumWave Solutions,Head of Product Marketing,25-May-22
Ethan,Elevate Media,Digital Marketing Manager,25-May-22
Camila,Trailblazer Systems,Founder,25-May-22
Daniel,Aurora Dynamics,Data Scientist,19-May-22
Luna,Pinnacle Dynamics,Talent Acquisition Partner,18-May-22
Matthew,NovaTech Solutions,Senior Media Manager,16-May-22
Sofia,Synergy Dynamics,Solutions Architect,16-May-22
Aiden,Ascend Global,Head of Inbound and Content Marketing,06-May-22
Avery,Peak Performance Solutions,Head of Operations,19-Apr-22
Henry,Stratosphere Holdings,Sales Development Representative,19-Apr-22
Mila,Elevate Media,Product Marketing Manager,19-Apr-22
Joseph,Vertex Innovations,Senior TekOps Engineer,14-Apr-22
Aria,Blue Horizon Group,Engineering Lead / Technical Coach,14-Apr-22
Jackson,Radiant Ventures,Founder and Head of Product,14-Apr-22
Scarlett,Omega Innovations,Application Development Analyst,12-Apr-22
Samuel,Catalyst Innovations,Enterprise Account Executive,30-Mar-22
Penelope,Ascend Industries,Director,15-Mar-22
Sebastian,Elevate Media,Lead Software Engineer,15-Mar-22
Layla,Radiant Software,Advisor,08-Mar-22
David,Elevate Enterprises,Senior Enterprise Account Executive,08-Mar-22
Chloe,Vantage Partners,Freelance writer,08-Mar-22
Carter,Polaris Technologies,Head Financial Coach,07-Mar-22
Victoria,Pinnacle Dynamics,Strategic Account Executive,07-Mar-22
Wyatt,Vertex Systems,IT Operations Associate,04-Mar-22
Madison,Pinnacle Services,Venture Architect,03-Mar-22
Jayden,Zenith Technologies,Founder,03-Mar-22
Eleanor,Apex Innovations,Enterprise Account Executive - Manufacturing,03-Mar-22
John,Optima Enterprises,Software Engineer,01-Mar-22
Grace,Innovative Synergy,Software Engineer,01-Mar-22
Owen,NovaTech Solutions,Senior Content Writer,27-Feb-22
Nora,Vertex Systems,SRE,23-Feb-22
Dylan,Innovative Synergy,"Manager, Customer Success",22-Feb-22
Riley,Equinox Energy,Sr Managed Detection and Response Specialist,21-Feb-22
Luke,Catalyst Innovations,Senior Ruby Engineer,16-Feb-22
Zoey,Eclipse Dynamics,Technical Support Engineer,16-Feb-22
Gabriel,Momentum Corp,Head of Engineering Delivery,16-Feb-22
Hannah,Omega Innovations,Managing Director,15-Feb-22
Anthony,Vertex Systems,Principal ML Engineer II,14-Feb-22
Hazel,Pinnacle Dynamics,Engineering Manager (Data Platform),14-Feb-22
Isaac,QuantumWave Solutions,Cloud Account Executive ,02-Feb-22
Lily,Pinnacle Dynamics,,02-Feb-22
Grayson,Elevate Media,Site Reliability Engineer,01-Feb-22
Ellie,Pinnacle Dynamics,Software Engineer,31-Jan-22
Jack,Apex Innovations,Software Developer,31-Jan-22
Violet,Elevate Media,Data Lead,28-Jan-22
Julian,Vantage Partners,,26-Jan-22
Lillian,Vertex Systems,Talent Acquisition Specialist,26-Jan-22
Levi,Elevate Media,,26-Jan-22
Addison,Apex Innovations,Regional Sales Director,25-Jan-22
Christopher,Blue Horizon Group,VP Partnerships,22-Jan-22
Aubrey,Radiant Ventures,Freelance Graphic Designer,20-Jan-22
Joshua,Radiant Software,"Senior Manager, Talent Acquisition",18-Jan-22
Stella,Zenith Technologies,Sabbatical,14-Jan-22
Andrew,Fusion Corp,Platform Engineer,10-Jan-22
Natalie,Pinnacle Dynamics,Project Manager,10-Jan-22
Lincoln,Apex Innovations,Business Development Director,08-Jan-22
Zoe,Omega Innovations,Senior Principal Data Scientist / Associate Partner,07-Jan-22
Mateo,Catalyst Logistics,Communications Manager,07-Jan-22
Leah,Horizon Ventures,Vice President of Sales,07-Jan-22
Ryan,Momentum Corp,Designer,23-Dec-21
Hazel,Apex Innovations,Technical Content Marketing Manager,21-Dec-21
Jaxon,Luminous Labs,Senior Data Scientist / IT Analyst - Advanced Analytics,08-Dec-21
Lucy,Aurora Dynamics,Senior Cloud Product Manager,23-Nov-21
Nathan,NovaTech Solutions,Vice President - Sales and Customer Success,18-Nov-21
Paisley,Luminous Labs,Site Reliability Engineering Manager,17-Nov-21
Aaron,Optima Enterprises,Chief Commercial Officer,17-Nov-21
Savannah,Zenith Technologies,Senior Graphic Designer,17-Nov-21
Isaiah,Eclipse Dynamics,Analytics Consultant,17-Nov-21
Claire,Vertex Innovations,Senior Site Reliability Engineer,17-Nov-21
Thomas,Omega Innovations,Senior Product Manager,17-Nov-21
Skylar,Catalyst Innovations,Community Operations Specialist,17-Nov-21
Charles,Apex Innovations,Senior Software Engineer,17-Nov-21
Bella,Trailblazer Systems,Talent Acquisition Lead,17-Nov-21
Caleb,Fusion Corp,Head Of Design,08-Nov-21
Aurora,Optima Enterprises,Social Media Manager,03-Nov-21
Isabella,Zenith Technologies,Sr Developer Advocate,02-Nov-21
Alain,Apex Innovations,Head of Product,02-Nov-21
Mohammed,Pinnacle Dynamics,Software Engineer,02-Nov-21
Abigail,Stellar Ventures,CEO and co-founder,01-Nov-21
Pruthvi,Elevate Media,Project Manager,01-Nov-21
Mark,Synergy Dynamics,Senior Software Engineer,30-Oct-21
Isabella,Apex Innovations,Senior Engineer,28-Oct-21
Mike,Stellar Ventures,People Manager,27-Oct-21
Mike,Zenith Enterprises,Founder,27-Oct-21
Alain,Quantum Solutions,Senior Software Engineer,26-Oct-21
Sofia,Optima Enterprises,Field CTO,26-Oct-21
Isabella,Nexus Global,Sales Executive,25-Oct-21
Emilia,Skyline Ventures,Consultant,22-Oct-21
Pruthvi,Optima Enterprises,Co-founder and Chief Scientist,22-Oct-21
Mohammed,Apex Dynamics,Strategic Account Executive,22-Oct-21
Rafael,Synergy Dynamics,Account Executive,21-Oct-21
Steve,Apex Innovations,People and Business Operations Director,21-Oct-21
Sofia,Luminous Labs,Self Employed Consultant,19-Oct-21
Sofia,Vertex Ventures,IT Support Engineer,18-Oct-21
Emilia,Peak Performance Solutions,Head of Marketing,16-Oct-21
William,Vanguard Consulting,Experience & Culture manager ,15-Oct-21
Mohammed,Blue Horizon Group,Senior Engineering Manager,15-Oct-21
Laura,Titanium Systems,Engagement & Inclusion Lead,15-Oct-21
Rafael,Vertex Ventures,"Engineering Lead, Website",15-Oct-21
Dmitri,Optima Enterprises,Solutions Engineer,12-Oct-21
Emilia,Zenith Enterprises,Senior Software Engineer,12-Oct-21
Emma,Vertex Systems,Principal Solutions Architect,06-Oct-21
Mark,Nexus Global,Strategic Customer Success Manager,04-Oct-21
Mohammed,Innovative Synergy,Marketing Operations & Technology Manager,03-Oct-21
Pruthvi,Optima Enterprises, Freelance Copywriter and Content Strategist - B2B tech,23-Sep-21
Andra,Luminous Labs,DevRel Engineer,23-Sep-21
Pruthvi,Vertex Innovations,Technical Talent Partner (Via Elements Talent Consultancy),23-Sep-21
Steve,Vertex Innovations,CEO,20-Sep-21
Mohammed,Omega Innovations,Finance Operations,18-Sep-21
Isabella,Vertex Ventures,Marketing Director,17-Sep-21
William,Pinnacle Dynamics,Senior Technical Writer / Documentation Manager,17-Sep-21
Isabella,Optima Enterprises,Technical Writer/Documentation Manager,16-Sep-21
Mark,Radiant Software,Developer Advocate,16-Sep-21
Abigail,Elevate Media,Senior Product Marketing Manager,16-Sep-21
Aysha,Vertex Systems,Senior Technical Writer,15-Sep-21
Mark,Summit Networks,Head of Web Engineering,15-Sep-21
Emma,Pinnacle Dynamics,Technical Documentation Manager,15-Sep-21
Dmitri,Infinity Resources,Senior HR Specialist,15-Sep-21
Tobias,Zenith Enterprises,Senior Machine Learning Engineer,08-Sep-21
Emma,Nexus Global,Principal Product Manager,06-Sep-21
Emilia,Horizon Technologies,Quantitative Developer,03-Sep-21
Sofia,Synergy Dynamics,"Data Engineer - GM&S Marketing Solutions (Growth, Marketing and Sales)",03-Sep-21
Isabella,Pinnacle Dynamics,Senior Principal Data Scientist / Associate Partner,03-Sep-21
Kalyani,Innovative Synergy,Principal Designer,03-Sep-21
Dmitri,Ascend Industries,Head of Product,03-Sep-21
Sofia,Momentum Corp,Marketing Lead,02-Sep-21
William,Elevate Media,Co-Founder,11-Aug-21
Kalyani,Horizon Technologies,AI Software Engineer,02-Aug-21
Aysha,Peak Performance Solutions,Co-Founder & CEO,28-Jul-21
Mike,Pinnacle Dynamics,Senior Talent Attraction Partner,13-Jul-21
Emma,TerraTech Industries,Sales Engineer,08-Jul-21
Tobias,Ascend Industries,Marketing Analytics | Business Analysis Consultant,06-Jul-21
Tobias,Vertex Systems,Sr. Product Development Engineer,06-Jul-21
Andra,Optima Enterprises,Freelance Technical Content Writer,05-Jul-21
Aysha,Omega Innovations,Data Scientist,05-Jul-21
Rafael,Pinnacle Dynamics,Jr. Principal Machine Learning Engineer,03-Jul-21
Emma,Omega Innovations,Director of Communications & Marketing,30-Jun-21
Isabella,Apex Innovations,Lead Solution Engineer,25-Jun-21
Alain,PrimeWave Technologies,Director,25-Jun-21
Tobias,Optima Enterprises,Founder,11-Jun-21
William,Vertex Ventures,Data scientist - Freelance,11-Jun-21
Pruthvi,Pinnacle Dynamics,Associate Group Product Manager - Cybersecurity,11-Jun-21
Mark,NextGen Innovations,Product Manager (Level -2),26-May-21
Aysha,Ascend Industries,Product Manager,24-May-21
Isabella,Vanguard Consulting,Head of People,20-May-21
Pruthvi,Equinox Energy,Principal Data Scientist,17-May-21
Tobias,TerraTech Industries,Cloud Engineer,16-May-21
Abigail,Optima Enterprises,Principal Product Manager,12-May-21
Pruthvi,Optima Enterprises,Senior Technical Writer,03-May-21
Andra,Vertex Systems,Teaching Assistant,26-Apr-21
Sofia,Apex Innovations,Head of Financial Technology - EMEA,20-Apr-21
Steve,Apex Innovations,Co-Founder & CEO,09-Apr-21
Laura,Radiant Ventures,Professional Development Manager ,01-Apr-21
Sofia,Synergy Dynamics,Head of Outreach and Engagement (Mentors),31-Mar-21
Mark,Pinnacle Dynamics,Data Scientist,26-Mar-21
Dmitri,Quantum Solutions,VP of Marketing,23-Mar-21
Sofia,Catalyst Innovations,Technical Content Editor,22-Mar-21
Aysha,Apex Innovations,Co-Organizer,21-Mar-21
Mark,Optima Enterprises,Software Engineer,18-Mar-21
Pruthvi,NextGen Innovations,Principal Product Manager,18-Mar-21
Sofia,Apex Innovations,Senior Technical Support Manager,16-Mar-21
Andra,Radiant Software,Lead Software Developer in Banking team,11-Mar-21
Laura,Ascend Global,Director of Product Management,05-Mar-21
Liam,Omega Innovations,Data Scientist,27-Feb-21
Emma,Ascend Industries,Head of Intelligence Solutions,19-Feb-21
Noah,Radiant Ventures,Lead Engineer,18-Feb-21
Olivia,Apex Innovations,Senior Staff Software Engineer,10-Feb-21
William,Luminous Labs,Vice President of Marketing,09-Feb-21
Ava,Zenith Technologies,Talent Acquisition Manager,05-Feb-21
James,Vertex Systems,,03-Feb-21
Isabella,Omega Innovations,Cientista de dados,03-Feb-21
Logan,Pinnacle Dynamics,"Senior Program Manager, Software Engineering",30-Jan-21
Sophia,Stellar Ventures,InfraTech & Asset Management Advisory,20-Jan-21
Benjamin,Optima Enterprises,Bid and Technical Proposal Management | EMEA LATAM,20-Jan-21
Mia,Elevate Media,Senior Solution Architect,13-Jan-21
Mason,Apex Innovations,Hacker in Residence/ Machine Learning Engineer / Developer Advocate,04-Jan-21
Amelia,Pinnacle Dynamics,Software Test Engineer,31-Dec-20
Elijah,Ascend Global,Senior Technical Writer,31-Dec-20
Harper,Vertex Systems,Head of Product,27-Dec-20
Oliver,Elevate Media,Senior DevSecOps Consultant,24-Dec-20
Evelyn,Apex Dynamics,"Senior Engineer, Rail & Mass Transit",23-Dec-20
Jacob,Elevate Media,"Software Engineer, .Net Core - C#",17-Dec-20
Abigail,Blue Horizon Group,Structural Engineer,17-Dec-20
Lucas,Momentum Corp,"VP, Head of Customer Engagement",09-Dec-20
Emily,Optima Enterprises,Summer Associate,09-Dec-20
Michael,Radiant Software,VP Developer Relations,05-Dec-20
Ella,Horizon Ventures,Indirect Tax Technology,09-Nov-20
Alexander,Polaris Technologies,Durham Leadership Academy,01-Nov-20
Elizabeth,Apex Innovations,"Director, Ecosystem",29-Oct-20
Ethan,Pinnacle Dynamics,Technical Writer,28-Oct-20
Camila,Pinnacle Dynamics,Software Engineer,24-Oct-20
Daniel,Optima Enterprises,Senior Engineer-Specialist,14-Oct-20
Luna,Innovative Synergy,Senior Vice President Marketing,12-Oct-20
Matthew,Vertex Ventures,Director Of Business Development,10-Oct-20
Sofia,Vertex Systems,Senior Frontend Engineer,08-Oct-20
Aiden,Optima Enterprises,Head of Business Transformation ,07-Oct-20
Avery,Stratosphere Holdings,Manager | Vendor Relations,07-Oct-20
Henry,Omega Innovations,Head of Engineering,07-Oct-20
Mila,Momentum Corp,Project Manager,03-Oct-20
Joseph,Elevate Enterprises,Chief Data & Analytics Officer,02-Oct-20
Aria,Apex Innovations,Senior Data Scientist II,01-Oct-20
Jackson,Optima Enterprises,DevOps,10-Sep-20
Scarlett,Vertex Ventures,Head of Marketing,08-Sep-20
Samuel,Elevate Media,Senior Product Manager,08-Sep-20
Penelope,NextGen Innovations,CEO,07-Sep-20
Sebastian,Peak Performance Solutions,Senior Talent Acquisition Specialist,04-Sep-20
Layla,Apex Innovations,Founder & General Partner,01-Sep-20
David,Pinnacle Dynamics,Lead  Data  Scientist,30-Aug-20
Chloe,Vertex Ventures,Principal,12-Aug-20
Carter,Vertex Systems,Founder & CEO,10-Aug-20
Victoria,Skyline Ventures,Senior Enterprise Partnerships Director,08-Aug-20
Wyatt,Equinox Energy,Customs & Excise Manager,05-Aug-20
Madison,Vertex Systems,Product Manager ,02-Aug-20
Jayden,Zenith Enterprises,,29-Jul-20
Eleanor,Vertex Systems,"Senior Partner Operations Manager, Music",29-Jul-20
John,Luminous Labs,Quantitative Software Engineer,16-Jul-20
Grace,Catalyst Logistics,Senior Data Scientist,15-Jul-20
Owen,Vanguard Consulting,Doctoral Researcher,10-Jul-20
Nora,Catalyst Innovations,Hackah,07-Jul-20
Dylan,Elevate Media,Information Architect and Technical Writer,03-Jul-20
Riley,Optima Enterprises,,28-Jun-20
Luke,Catalyst Logistics,Machine Learning Engineer,23-Jun-20
Zoey,Polaris Technologies,Solution Build Expert,19-Jun-20
Gabriel,Infinity Resources,CTO SAP Industry Cloud,19-Jun-20
Hannah,Elevate Media,Contributor,19-Jun-20
Anthony,Trailblazer Systems,Chief Technology Officer,16-Jun-20
Hazel,Optima Enterprises,Senior Software Engineer,11-Jun-20
Isaac,Luminous Labs,Co-Founder,10-Jun-20
Lily,Peak Performance Solutions,Technical Content Marketing Manager,04-Jun-20
Grayson,Pinnacle Dynamics,Direttore Innovazione e Ricerca,04-Jun-20
Ellie,Radiant Ventures,Frontend Developer,04-Jun-20
Jack,Titanium Systems,Principal Designer,26-May-20
Violet,Ascend Industries,Director,26-May-20
Julian,Elevate Media,Senior Technical Writer (Contract),24-May-20
Lillian,Vantage Partners,Technical Editor / Application Engineer | Phoenix Contact,23-May-20
Levi,Omega Innovations,Head of HR,22-May-20
Addison,Synergy Dynamics,SAP Community and Influencers Operations Team Lead,18-May-20
Christopher,Vertex Innovations,Content Developer,17-May-20
Aubrey,NovaTech Solutions,Head of Research,14-May-20
Joshua,Horizon Ventures,UX Lead,12-May-20
Stella,Horizon Technologies,VP of Sales,08-May-20
Andrew,Innovative Synergy,Writer,06-May-20
Natalie,Omega Innovations,"VP, Technical Writer | Content Strategist",29-Apr-20
Lincoln,Vertex Innovations,Senior Product/UX Researcher,23-Apr-20
Zoe,Optima Enterprises,Quantitative Research & Development¬†Lead,19-Apr-20
Mateo,Apex Innovations,Staff Technical Writer,15-Apr-20
Leah,Zenith Enterprises,"Vice President, Corporate Affairs & Communications",09-Apr-20
Ryan,Apex Innovations,Senior Software Engineer,08-Apr-20
Hazel,Pinnacle Dynamics,Product | Applied AI,02-Apr-20
Jaxon,Pinnacle Dynamics,Founder,01-Apr-20
Lucy,Innovative Synergy,Director,01-Apr-20
Nathan,Vertex Systems,Community Manager,23-Mar-20
Paisley,Optima Enterprises,Founder / CEO,22-Mar-20
Aaron,Apex Innovations,Senior Financial Analyst,19-Mar-20
Savannah,Fusion Corp,Documentation Lead,18-Mar-20
Isaiah,Equinox Energy,Senior Lead Specialist @Synapxe,11-Mar-20
Claire,Eclipse Dynamics,"Senior Scientist, R&D manager (chemistry, agriculture, science and technology)",09-Mar-20
Thomas,Eclipse Dynamics,"Senior Marketing Manager, LSEG FX at London Stock Exchange Group (LSEG)",04-Mar-20
Skylar,Summit Networks,Product Marketing Manager,04-Mar-20
Charles,Apex Innovations,Decentralized Finance Researcher,04-Mar-20
Bella,Vertex Systems,Head of Content,04-Mar-20
Caleb,Vertex Systems,Senior Oracle Consultant - Business Transformation,29-Feb-20
Aurora,Vantage Partners,Technical Delivery Manager & Agile Coach,26-Feb-20
Pruthvi,Innovative Synergy,Sales & Marketing Manager,24-Feb-20
Rafael,Optima Enterprises,"Acquisitions, Director",22-Feb-20
Dmitri,TerraTech Industries,"Senior Manager, Writing, Corporate Affairs and Marketing",18-Feb-20
Aysha,Zenith Enterprises,"Senior editor, Briefings",17-Feb-20
Alain,Elevate Enterprises,Content Marketing Manager,13-Feb-20
Steve,Apex Innovations,Contract Technical Writer with Expert Project Solutions/Velonix,06-Feb-20
Pruthvi,Ascend Global,Freelance writer | trainer and coach,06-Feb-20
Alain,Pinnacle Dynamics,Senior content designer,05-Feb-20
Mike,Vantage Partners,,31-Jan-20
Abigail,Synergy Dynamics,Maker and Creator,31-Jan-20
Alain,Vertex Systems,Director of Cybersecurity,21-Jan-20
Steve,Zenith Enterprises,Senior Account Manager,09-Jan-20
Tobias,Vanguard Consulting,Director Of Engineering,03-Jan-20
Sofia,Aurora Dynamics,Consultant ‚òÜ Strategy & Implementation,18-Dec-19
Emilia,TerraTech Industries,Partner,09-Dec-19
Mike,Zenith Enterprises,Director of Engineering - (Cloud/DevOps/SRE),21-Nov-19
Kalyani,Radiant Ventures,Senior Games Writer,14-Nov-19
Mohammed,Eclipse Dynamics,Assistant Manager,14-Nov-19
Tobias,Apex Innovations,Head of Data Science,14-Nov-19
Pruthvi,Omega Innovations,Delivery/Recruitment Consultant,08-Nov-19
Tobias,Catalyst Logistics,Freelance writer/editor,06-Nov-19
Mike,Zenith Technologies,Director - Global Delivery SMB Sales - Microsoft Advertising,03-Nov-19
Kalyani,Horizon Ventures,Chief People Officer,03-Nov-19
Aysha,Catalyst Innovations,Managing Director,02-Nov-19
Rafael,Omega Innovations,CEO,01-Nov-19
Rafael,Elevate Media,Executive Director,01-Nov-19
Laura,Optima Enterprises,Partner,24-Oct-19
Sofia,Elevate Media,Senior Technical Writer,22-Oct-19
Emma,Fusion Corp,Manager - IT Strategist | Generative AI Practice | DevOps | Data Bricks,20-Oct-19
Sofia,Elevate Media,Founder,16-Oct-19
William,Elevate Media,CTO,15-Oct-19
Aysha,Eclipse Dynamics,Chief Expert,11-Oct-19
Nitin,Skyline Ventures,Application and Configuration Workstream Manager: Epic POE (Orders) + Bugsy (Infection Control),11-Oct-19
Sofia,Optima Enterprises,Recruiter,03-Oct-19
Mike,Momentum Corp,Senior Director of Open Source Projects,03-Oct-19
Mark,Vertex Innovations,Founder/Director,01-Oct-19
Alain,Ascend Industries,Senior Front-End Developer,27-Sep-19
Emilia,Optima Enterprises,"Vice President, Data & AI Deputy Group Offer Leader",26-Sep-19
Mohammed,Catalyst Logistics,Head Of Content & Messaging,26-Sep-19
Rafael,Nexus Global,Staff Engineer,20-Sep-19
Aysha,Vertex Systems,Senior Consultant - Project Services,17-Sep-19
Rafael,Optima Enterprises,EDITOR - WORLD JOURNAL OF GASTROINTESTINAL ONCOLOGY,09-Sep-19
Mike,Vanguard Consulting,"Principal, Scalability and Resilience (DevSecOps)",05-Sep-19
Andra,Optima Enterprises,CEO,05-Sep-19
Nitin,Vertex Systems,Strategic Advisor & Fractional COO,05-Sep-19
Andra,Pinnacle Dynamics,General Partner,22-Aug-19
Pruthvi,Skyline Ventures,Senior Project Manager,16-Aug-19
Mark,Catalyst Innovations,"Associate Vice President of Technology Contract, Funds and Alternatives",09-Aug-19
Mike,Optima Enterprises,Staff Technical Recruiter - AI,07-Aug-19
Mark,Apex Innovations,Regional Field Marketing Manager ,06-Aug-19
Emma,Titanium Systems,"Vice President and Head of Northwest Europe Sales, HP Poly Hybrid Work Solutions",02-Aug-19
Laura,Vertex Systems,Vice President,20-Jul-19
Kalyani,Apex Innovations,Staff Engineer,18-Jul-19
Laura,Blue Horizon Group,Chief Technology Officer,18-Jul-19
Pruthvi,Elevate Media,Co-Founder,16-Jul-19
Kalyani,QuantumWave Solutions,"Staff Developer Advocate, Okta Workflows",13-Jul-19
Kalyani,Optima Enterprises,Senior Software Engineer,12-Jul-19
Dmitri,SummitTech Services,Finance and Operations Manager,12-Jul-19
Alain,Eclipse Dynamics,Principal Machine Learning Engineer,12-Jul-19
Andra,Optima Enterprises,Associate Partner,12-Jul-19
Aysha,Pinnacle Dynamics,Principal Engineer I,12-Jul-19
Pruthvi,Zenith Enterprises,Software Engineer,12-Jul-19
Rafael,Horizon Technologies,Director,12-Jul-19
Abigail,Catalyst Logistics,Chief Technology Officer,09-Jul-19
Sofia,Pinnacle Dynamics,"Principal Group Product Manager (Senior Director), Azure SDKs and Developer Experience",08-Jul-19
Abigail,Zenith Enterprises,Product Director,06-Jul-19
Rafael,Horizon Ventures,Principal Software Engineer,04-Jul-19
Sofia,Elevate Media,Co-Founder,29-Jun-19
Kalyani,Blue Horizon Group,Game Data Analyst,27-Jun-19
Isabella,Horizon Ventures,Lead Consultant,25-Jun-19
Nitin,Optima Enterprises,Head of Data Monetization,19-Jun-19
Emma,Elevate Media,AI Engineer,12-Jun-19
William,Stellar Ventures,Founder,11-Jun-19
Alain,Pinnacle Dynamics,Senior Lecturer in Behavioural Sciences,10-Jun-19
Alain,Pinnacle Dynamics,,05-Jun-19
Sofia,Momentum Corp,Senior Talent Acquisition Leader,04-Jun-19
Dmitri,Polaris Technologies,Engagement Manager | Interu | Supply Chain Traceability | EUDR,03-Jun-19
Mike,Skyline Ventures,"Developer Relations, Core Engineering",03-Jun-19
Mohammed,SummitTech Services,B2B SaaS Advisor and General Partner,31-May-19
Isabella,Eclipse Dynamics,Talent Acquisition Partner,31-May-19
Emma,Elevate Media,Founder,31-May-19
Pruthvi,Vertex Ventures,Senior WordPress Developer,30-May-19
Andra,Elevate Media,Global Leadership Talent Partner GTM ,30-May-19
Andra,Radiant Ventures,Freelance writer and editor,29-May-19
Steve,Optima Enterprises,Customer Success Manager,24-May-19
Isabella,Stratosphere Holdings,Strategy Manager,24-May-19
Andra,Zenith Enterprises,Project Manager,24-May-19
Aysha,Omega Innovations,Customer Relationship Management Specialist,24-May-19
Emilia,Pinnacle Services,Software Architect,22-May-19
Mike,Pinnacle Dynamics,CEO and Founder,22-May-19
Kalyani,Eclipse Dynamics,Contract Social Media Coordinator,07-May-19
Mohammed,Momentum Corp,Senior Content Editor,07-May-19
Nitin,Vertex Systems,"Director, Market Development",07-May-19
Dmitri,Aurora Dynamics,Senior Recruitment Consultant,01-May-19
Sofia,Horizon Technologies,Chief Technology Officer,29-Apr-19
Emma,SummitTech Services,Founder,26-Apr-19
Alain,Optima Enterprises,CTO & Co-Founder,25-Apr-19
Nitin,Catalyst Innovations,"VP, Developer Relations",24-Apr-19
Rafael,Apex Dynamics,"Practice Lead, PR + Communications at C≈çLab x WestCap ",23-Apr-19
Mark,Apex Innovations,"Global Marketing Lead, Business Messaging",22-Apr-19
Isabella,Skyline Ventures,DevRel + DevEx + Community Consultant,17-Apr-19
Steve,Pinnacle Services,Head of Community Support,17-Apr-19
Kalyani,Pinnacle Dynamics,"Head of Global Developer Programs, Developer Relations Ecosystem",09-Apr-19
Abigail,Optima Enterprises,"Founder, CEO.",08-Apr-19
Kalyani,Pinnacle Dynamics,Vice-President Marketing & Community,01-Apr-19
Mike,TerraTech Industries,Principal,27-Mar-19
Emilia,Equinox Energy,AWS Python Software Engineer,27-Mar-19
Steve,Horizon Technologies,Product Manager,26-Mar-19
Alain,Horizon Ventures,"Sr. Manager, Simulation",25-Mar-19
Mike,Elevate Media,PR Manager,20-Mar-19
Rafael,Titanium Systems,Senior Software Engineering,20-Mar-19
Tobias,Nexus Global,Product Marketing Manager,12-Mar-19
Emma,Pinnacle Dynamics,Senior Director of Product Management,11-Mar-19
Sofia,Eclipse Dynamics,Sr Principal Machine Learning Engineer | Associate Partner,11-Mar-19
Nitin,Equinox Energy,"Director, INSTID",11-Mar-19
Laura,Elevate Media,Solutions Architect,08-Mar-19
Kalyani,Skyline Ventures,Director,04-Mar-19
Emilia,Optima Enterprises,User Communication Leader,03-Mar-19
Nitin,Ascend Industries,Jung Chemiker Forum (JCF),02-Mar-19
Kalyani,Apex Innovations,,28-Feb-19
Mike,Stratosphere Holdings,Science Illustrator,28-Feb-19
Sofia,Elevate Media,Managing Director,23-Feb-19
Mohammed,Pinnacle Dynamics,Director,16-Feb-19
Alain,Vertex Systems,Founder,16-Feb-19
Dmitri,Elevate Media,Product Marketplace Partner Manager,11-Feb-19
Alain,Horizon Technologies,Lead Product Marketing Manager,11-Feb-19
Pruthvi,Elevate Media,CEO and Founder,06-Feb-19
Sofia,TerraTech Industries,Founder | Director ,04-Feb-19
Laura,Vertex Systems,Software Engineer,02-Feb-19
Nitin,Apex Innovations,Head of Digital Marketing,28-Jan-19
Isabella,Equinox Energy,Senior Recruitment Specialist - RPO,17-Jan-19
Sofia,Catalyst Logistics,Principal,09-Jan-19
Laura,Zenith Enterprises,"Director of Product Marketing, Analytics and AI",09-Jan-19
William,Pinnacle Dynamics,Creative Technologist,08-Jan-19
Andra,Optima Enterprises,Process and Project Engineering Lead,05-Jan-19
Nitin,Omega Innovations,Technical Writing Lead,26-Dec-18
Steve,PrimeWave Technologies,Senior Technical Writer,19-Dec-18
Mike,Pinnacle Services,Key Account Manager ,19-Dec-18
Emilia,Vertex Systems,Senior Technical Product Manager,14-Dec-18
Kalyani,PrimeWave Technologies,Principal,06-Dec-18
Mohammed,Equinox Energy,Co-Founder & CEO,27-Nov-18
Alain,Fusion Corp,Founder,27-Nov-18
William,Pinnacle Dynamics,'Ed of Growth,16-Nov-18
Tobias,Ascend Global,Principal Software Engineering Manager,14-Nov-18
Dmitri,Aurora Dynamics,Fractional CTO,13-Nov-18
Emilia,Optima Enterprises,VP of Engineering,08-Nov-18
Mark,Zenith Enterprises,Backend Engineer,08-Nov-18
William,Ascend Industries,Senior Community Manager,07-Nov-18
Alain,Vanguard Consulting,VP of Global Partnerships & Alliances,06-Nov-18
Isabella,Catalyst Innovations,Founder,05-Nov-18
Mike,Pinnacle Dynamics,"Sr. Sofware Engineer in Test (SDET), Roku Pay",03-Nov-18
Rafael,Vertex Systems,Assistant Professor,03-Nov-18
William,NextGen Innovations,GM and Head of Research,29-Oct-18
Kalyani,Optima Enterprises,Senior Content Marketing Specialist,25-Oct-18
Emilia,Radiant Ventures,Head of Product,25-Oct-18
Rafael,Horizon Technologies,Senior Business Development Manager,21-Oct-18
Rafael,Optima Enterprises,Physician,21-Oct-18
Andra,Horizon Ventures,Talent Acquisition Specialist,21-Oct-18
Emilia,Elevate Media,Director of Global Campaigns and Growth Marketing (B2B ABM),15-Oct-18
Sofia,Pinnacle Dynamics,Director Of Marketing Services,04-Oct-18
Aysha,Ascend Global,Chief Technology Officer,28-Sep-18
Aysha,Equinox Energy,Founder & CEO,28-Sep-18
Steve,Radiant Ventures,Advisory Board - DeveloperWeek Europe,25-Sep-18
Abigail,Apex Innovations,Co-Founder,21-Sep-18
Aysha,PrimeWave Technologies,Founder & CEO,06-Sep-18
Tobias,Vertex Ventures,Co-Founder & Vice President Of Products,06-Sep-18
Andra,Optima Enterprises,"SVP, Customer 360 Marketing",25-Aug-18
Steve,Titanium Systems,Senior Software Engineer,24-Aug-18
Abigail,Catalyst Innovations,Barber & Co.,21-Aug-18
Emilia,Pinnacle Dynamics,"VP and Head of Communities & Influencers, SAP Developer & Community Relations",21-Aug-18
Abigail,Elevate Media,Research Communications and Marketing Manager,16-Aug-18
Abigail,Fusion Corp,Treasury Manager,16-Aug-18
Aysha,Apex Dynamics,Data Engineer,16-Aug-18
Kalyani,Ascend Industries,"Telecoms, Media & Technology (TMT)",14-Aug-18
Andra,Catalyst Innovations,Founder,13-Aug-18
Mike,Apex Innovations,Founder and CEO,13-Aug-18
Laura,Optima Enterprises,Materials Today Writer,10-Aug-18
Dmitri,Pinnacle Dynamics,Developer Relations Advisor,08-Aug-18
Emilia,Elevate Media,Principal Recruiter - Data Science & AI,08-Aug-18
Kalyani,Eclipse Dynamics,Growth Operations,08-Aug-18
Kalyani,Fusion Corp,A Research-led Photojournalism and Documentary Practice ,06-Aug-18
Sofia,Nexus Global,"Vice President, Developer Relations (Auth0/CIC)",03-Aug-18
Alain,Stellar Ventures,DevOps mentor,03-Aug-18
Aysha,Polaris Technologies,Vice President Developer and Community Relations,26-Jul-18
Alain,Nexus Global,Delivery Manager - Talent Acquisition (UK Domain),24-Jul-18
Rafael,Horizon Ventures,Director Market Segment,23-Jul-18
Mike,Elevate Media,Sr. Director Product Management,20-Jul-18
Andra,PrimeWave Technologies,"Sr. Director, Product",20-Jul-18
Sofia,NextGen Innovations,Developer Relations and Product Marketing Consultant,20-Jul-18
Sofia,Ascend Industries,"Editor-in-Chief, Java Magazine; Content Strategist",17-Jul-18
Mike,PrimeWave Technologies,Production Editor,14-Jul-18
Kalyani,Vertex Systems,Board Member,10-Jul-18
Emilia,Nexus Global,Senior Product Manager,08-Jul-18
Emma,Apex Innovations,Business Development Consultant,06-Jul-18
William,Vanguard Consulting,Quality Control Lead,05-Jul-18
Rafael,Equinox Energy,"Director, Product",19-Jun-18
Steve,Vanguard Consulting,CEO,18-Jun-18
Emilia,Optima Enterprises,Talent Acquisition Partner - MLOPs and Data Science / Data Democratisation,18-Jun-18
Dmitri,Optima Enterprises,Associate Creative Director,13-Jun-18
Isabella,Apex Innovations,Senior Product Manager,13-Jun-18
Rafael,Trailblazer Systems,"Entrepreneur, Strategic Sales Consultant in MedTech and E-Learning",11-Jun-18
Rafael,Summit Networks,Chief Technology Officer,25-May-18
Mike,NovaTech Solutions,CEO & Promoter,25-May-18
Abigail,Synergy Dynamics,Principal DFIR Consultant,12-May-18
Steve,Horizon Ventures,Associate Director (Ontology),11-May-18
Andra,Pinnacle Dynamics,"Director Of Field Marketing, Northern Region",04-May-18
Abigail,PrimeWave Technologies,Head of Product Marketing,01-May-18
Sofia,Elevate Media,Manager,27-Apr-18
Mike,Pinnacle Dynamics,Senior Writer ,25-Apr-18
Andra,Pinnacle Dynamics,,25-Apr-18
William,Pinnacle Dynamics,Founder & CEO,18-Apr-18
Emilia,Radiant Ventures,Android Developer,06-Apr-18
Emma,Apex Innovations,Partner,28-Mar-18
Mike,Eclipse Dynamics,Chief Product Officer,27-Mar-18
Emma,Pinnacle Dynamics,Product Owner,27-Mar-18
Laura,Pinnacle Dynamics,,19-Mar-18
Sofia,Peak Performance Solutions,Senior Staff Engineer,16-Mar-18
Andra,Summit Networks,Head of People and Culture,14-Mar-18
Dmitri,Innovative Synergy,Editor/Health Marcom Advisor,05-Mar-18
Mark,Optima Enterprises,,04-Mar-18
Aysha,Trailblazer Systems,President,26-Feb-18
Mark,Eclipse Dynamics,Markets and business development,05-Feb-18
Alain,Quantum Solutions,Consultant,03-Feb-18
Mark,QuantumWave Solutions,Director of Sales,02-Feb-18
Tobias,Pinnacle Dynamics,Founder & Lead Consultant,29-Jan-18
Alain,Eclipse Dynamics,Senior Director Analytics & AI,28-Jan-18
Alain,Pinnacle Dynamics,Project Manager,28-Jan-18
Mohammed,NovaTech Solutions,Recruitment Strategy Consultant,26-Jan-18
Mohammed,Elevate Media,Senior Talent Acquisition Specialist (Tech),18-Jan-18
Aysha,Elevate Media,Managing Partner,18-Jan-18
Steve,Vertex Systems,Talent Partner ,21-Dec-17
Laura,Elevate Media,"Senior Partner - Data, Analytics, Cloud and Software",12-Dec-17
Emma,QuantumWave Solutions,Senior Partner,08-Dec-17
William,Momentum Corp,"Advisor, Mentor, Investor, Non-exec",07-Dec-17
Emilia,Blue Horizon Group,Honorary Director NYC,01-Dec-17
Liam,Eclipse Dynamics,Sales Director,28-Nov-17
Emma,PrimeWave Technologies,Research Assistant,27-Nov-17
Noah,Titanium Systems,,17-Nov-17
Olivia,Optima Enterprises,Founder,13-Nov-17
William,Infinity Resources,Head of HR,08-Nov-17
Ava,Ascend Global,Senior Sales Executive,08-Nov-17
James,Vertex Systems,Principal Consultant,07-Nov-17
Isabella,Catalyst Innovations,"Coach, Business Mentor and Speaker",01-Nov-17
Logan,NextGen Innovations,Chief Technology Officer and Co-Founder,31-Oct-17
Sophia,Vertex Systems,Co-Founder | Director ,26-Oct-17
Benjamin,Innovative Synergy,Chief Commercial Officer (CCO),25-Oct-17
Mia,Fusion Corp,,25-Oct-17
Mason,Apex Innovations,Development Director,24-Oct-17
Amelia,Pinnacle Services,Communications Specialist,24-Oct-17
Elijah,Ascend Industries,Technical Program Manager,23-Oct-17
Harper,Vertex Innovations,Senior Data Scientist ‚Äî Global Data Science & Engineering Lead,21-Oct-17
Oliver,Horizon Technologies,Director of Portfolio Management,18-Oct-17
Evelyn,Radiant Software,Head of Product,18-Oct-17
Jacob,Zenith Technologies,Finance Broker,18-Oct-17
Abigail,Elevate Media,Founder,17-Oct-17
Lucas,Optima Enterprises,Freelance Mobile Software Consultant,25-Sep-17
Emily,Skyline Ventures,Go-To-Network Evangelist ü¶ï,31-Aug-17
Michael,Fusion Corp,"Leader, Value | Strategy | Innovation , US Public Sector Federal",30-Aug-17
Ella,Eclipse Dynamics,"Co-Founder, CEO",22-Aug-17
Alexander,Elevate Media,Summer Intern,10-Aug-17
Elizabeth,Quantum Solutions,Wikipedia Expert üîπ Google Knowledge Panel ExpertüîπWikipedia Editor & WriterüîπWikipedia Consultant ,09-Aug-17
Ethan,Ascend Global,Data Scientist,02-Aug-17
Camila,Luminous Labs,,25-Jul-17
Daniel,Vertex Ventures,"Science Journalist, Writer and Communicator",14-Jul-17
Luna,Optima Enterprises,Co-founder & Partner,28-Jun-17
Matthew,Eclipse Dynamics,Sr Software Engineer - Machine Learning,27-Jun-17
Sofia,Peak Performance Solutions,"Managing Editor, Professional Websites",27-Jun-17
Aiden,Summit Networks,Fellow of Cardiff University,26-Jun-17
Avery,Apex Dynamics,Talent Partner,22-Jun-17
Henry,Peak Performance Solutions,Founder,22-Jun-17
Mila,Ascend Global,Fundraising Manager,12-Jun-17
Joseph,Vanguard Consulting,Machine Learning Consultant,09-Jun-17
Aria,Infinity Resources,,31-May-17
Jackson,Nexus Global,,27-May-17
Scarlett,Pinnacle Services,Executive Director,19-May-17
Samuel,Summit Networks,Data Science Consultant,16-May-17
Penelope,Elevate Media,Enterprise Account Executive,16-May-17
Sebastian,SummitTech Services,Chief Partnerships Officer & Managing Director USA ,15-May-17
Layla,Fusion Corp,Senior Technical Consultant,05-May-17
David,Horizon Technologies,Digital Content Analyst,04-May-17
Chloe,Synergy Dynamics,Embedded Firmware Engineer,26-Apr-17
Carter,Vertex Ventures,Freelance Data Scientist,25-Apr-17
Victoria,Pinnacle Dynamics,Founder,25-Apr-17
Wyatt,Zenith Technologies,Technical Communications Manager (Software Engineering),24-Apr-17
Madison,Vertex Systems,Web Developer,04-Apr-17
Jayden,Optima Enterprises,Chief Disruption Officer,29-Mar-17
Eleanor,PrimeWave Technologies,CEO,29-Mar-17
John,Elevate Media,Chief Executive Officer,29-Mar-17
Grace,Vertex Innovations,Project Manager,29-Mar-17
Owen,Momentum Corp,Director Editorial Rights,21-Mar-17
Nora,NextGen Innovations,Managing Director,12-Mar-17
Dylan,Pinnacle Dynamics,"Regional Chair Elect, Europe",06-Mar-17
Riley,Ascend Industries,CEO and Founder,22-Feb-17
Luke,Vertex Innovations,Architect and Distinguished Engineer,15-Feb-17
Zoey,Pinnacle Dynamics,Senior Android Developer,07-Feb-17
Gabriel,Elevate Media,Chief Technology Officer (CTO),07-Feb-17
Hannah,Optima Enterprises,Vice President of Global Sales,07-Feb-17
Anthony,Pinnacle Dynamics,Co-Founder and Chief Impact Officer,07-Feb-17
Hazel,Equinox Energy,Senior Consultant,30-Jan-17
Isaac,Ascend Industries,Director,27-Jan-17
Lily,Eclipse Dynamics,New projects - Web and Ethereum,27-Jan-17
Grayson,Eclipse Dynamics,Cyber Security Architect,10-Jan-17
Ellie,Peak Performance Solutions,Staff Engineer / Engineering manager ‚Äì Search Infrastructure,09-Jan-17
Jack,Nexus Global,Senior Technical Writer Contract,08-Jan-17
Violet,Vertex Systems,Project Manager,02-Dec-16
Julian,Optima Enterprises,Sr. Data Scientist,17-Nov-16
Lillian,Elevate Media,Technical editor,25-Oct-16
Levi,Polaris Technologies,"Founder, CEO",24-Oct-16
Addison,Pinnacle Dynamics,"Senior Director, Ontology",18-Oct-16
Christopher,Aurora Dynamics,Programme Delivery Manager,14-Oct-16
Aubrey,Skyline Ventures,Applied Scientist,12-Oct-16
Joshua,Equinox Energy,Associate Intern,11-Oct-16
Stella,Vanguard Consulting,Vice President Strategic Partnerships,10-Oct-16
Andrew,Pinnacle Dynamics,Data Protection Manager,27-Sep-16
Natalie,Nexus Global,Freelance Artist,26-Sep-16
Lincoln,Pinnacle Dynamics,Senior Product Manager,26-Sep-16
Zoe,Blue Horizon Group,Director,26-Sep-16
Mateo,Elevate Enterprises,Full-stack Developer,23-Sep-16
Leah,Ascend Global,Founder,19-Sep-16
Ryan,Apex Innovations,"Director, Leverhulme Centre for the Future of Intelligence",19-Sep-16
Hazel,Pinnacle Services,,16-Sep-16
Jaxon,SummitTech Services,Software Engineering Manager,14-Sep-16
Lucy,Momentum Corp,Founder,10-Sep-16
Nathan,Omega Innovations,Senior Platform & DevOps Engineer,06-Sep-16
Paisley,Synergy Dynamics,Senior Data Scientist,06-Sep-16
Aaron,Infinity Resources,Senior Applied Scientist,06-Sep-16
Savannah,Apex Innovations,Senior Director of Software Engineering (Group Fulfilment),06-Sep-16
Isaiah,Apex Innovations,Software Developer,25-Aug-16
Claire,Pinnacle Dynamics,Principal AI/Data Science Engineer,08-Aug-16
Thomas,Innovative Synergy,Senior Software Engineer,05-Aug-16
Skylar,Eclipse Dynamics,Senior Data Scientist,04-Aug-16
Charles,QuantumWave Solutions,Principal Knowledge Architect,30-Jul-16
Bella,Vertex Systems,Staff Full Stack Engineer,30-Jul-16
Caleb,Stellar Ventures,Backend Engineering Lead,30-Jul-16
Aurora,Pinnacle Dynamics,Lead Researcher,28-Jul-16
Kalyani,Optima Enterprises,Features Editor,20-Jul-16
Tobias,Optima Enterprises,Founder and CEO/CTO,20-Jul-16
Abigail,Catalyst Innovations,Chief Operating Officer,20-Jul-16
Andra,Vertex Systems,"Research Lead, APAC",19-Jul-16
Tobias,Horizon Ventures,Group Product Manager,12-Jul-16
Aysha,Radiant Ventures,Medical Secretary,11-Jul-16
William,Nexus Global,Senior Advisor,06-Jul-16
Sofia,Polaris Technologies,Big Data Consultant,02-Jul-16
Steve,Polaris Technologies,Co-Founder & CEO,24-Jun-16
William,Vertex Innovations,Features Editor,22-Jun-16
Kalyani,Optima Enterprises,People (HR) Lead,22-Jun-16
Aysha,SummitTech Services,Senior Software Engineer,17-Jun-16
William,Apex Innovations,"Chief of Staff, Precision Medicine Initiative",06-Jun-16
Mike,Synergy Dynamics,"Creative Director, Nature and Nature journals",31-May-16
Aysha,Horizon Ventures,Scrum Master,31-May-16
Dmitri,Skyline Ventures,Office and Administration Team Manager,31-May-16
Alain,Vertex Systems,Head of Revenue Transformation,30-May-16
Alain,Elevate Media,"Head of Comms, IBM Research Europe",28-May-16
Mike,Catalyst Innovations,Executive Director,25-May-16
Mike,Apex Innovations,5G Physical Layer Software Designer/ Cloud RAN Guardian ,23-May-16
Aysha,Apex Innovations,CTO,10-May-16
Pruthvi,Apex Innovations,Graduate / PhD Recruiter in Finance,02-Mar-16
Mohammed,Pinnacle Dynamics,Senior Product Owner,11-Feb-16
Steve,Skyline Ventures,Software Engineering Manager,16-Dec-15
Dmitri,Pinnacle Dynamics,"Manager, Program Management",16-Dec-15
Emma,Innovative Synergy,Project Manager - Defence,20-Oct-15
Emilia,Apex Dynamics,Communications Consultant,12-Oct-15
William,Innovative Synergy,Embedded Software Engineer,08-Oct-15
Mark,QuantumWave Solutions,Senior Software Engineer,07-Oct-15
Steve,Eclipse Dynamics,General Partner,05-Oct-15
Sofia,Catalyst Innovations,,05-Oct-15
Sofia,Apex Innovations,Deputy National Lead - IT,28-Sep-15
William,Infinity Resources,Independent Safeguarding Advisory Panel Chair ,23-Sep-15
Steve,NovaTech Solutions,"Senior Manager, Quality Engineering",10-Sep-15
Mike,Vanguard Consulting,Partner,07-Sep-15
William,SummitTech Services,Chief Platform Officer & Group CISO,03-Sep-15
Alain,Zenith Technologies,Senior Technical Writer,18-Aug-15
Nitin,Optima Enterprises,Technical Writer,18-Aug-15
Alain,Nexus Global,Co Founder,17-Aug-15
Isabella,Vertex Innovations,CTO,11-Aug-15
Kalyani,Omega Innovations,Recruiter,10-Aug-15
Nitin,Pinnacle Dynamics,Talent Planning & Ops Specialist,08-Jul-15
Abigail,Blue Horizon Group,Developer,22-Jun-15
Abigail,Ascend Industries,"Director, Publishing Strategy",16-Jun-15
Tobias,Optima Enterprises,,11-Jun-15
Mohammed,Horizon Ventures,Startup Founder,11-Jun-15
Mike,Innovative Synergy,Cycle Maintenance Engineer,03-Jun-15
Kalyani,Vanguard Consulting,"Vice President, Academic Affairs",26-May-15
Emma,Fusion Corp,Partner - Delivery Director,22-May-15
Alain,Summit Networks,Manager II Global Sales Operation | PowerBI | Data Operations | Automations,07-May-15
Tobias,Pinnacle Services,Managing Director,02-May-15
Steve,SummitTech Services,Project Manager,30-Apr-15
Steve,Fusion Corp,Front Matter and Opinion editor,30-Apr-15
Alain,Polaris Technologies,Head of Privacy/Associate General Counsel,19-Mar-15
Mohammed,Vertex Innovations,Head of Agile Coaching,13-Mar-15
Dmitri,Omega Innovations,ServiceNow VP and Centre of Excellence Head ,13-Mar-15
Steve,Vertex Systems,MD,12-Mar-15
Kalyani,Horizon Ventures,Head of Platform Support,02-Mar-15
Steve,Nexus Global,Cyber Security Consulting Partner,19-Jan-15
Abigail,Stellar Ventures,Art Director,17-Jan-15
Mark,Blue Horizon Group,Software Engineer,14-Jan-15
Tobias,Eclipse Dynamics,Director Market Intelligence,09-Dec-14
Mike,Ascend Global,VP People,28-Nov-14
Liam,Elevate Media,Senior Lecturer,26-Nov-14
Emma,Zenith Enterprises,Head of HR and Quality management at CONRES France & St. Barth,25-Nov-14
Noah,Elevate Media,Front-End Developer,16-Oct-14
Olivia,Fusion Corp,"Publisher, Pharmaceutical Journal / Director, Higher Education Publishing",13-Oct-14
William,Vertex Innovations,Creative Tech Developer,06-Oct-14
Ava,Elevate Enterprises,Head of Publishing Development,02-Oct-14
James,Vertex Innovations,Nature Portfolio Journal Support Team Leader,30-Sep-14
Isabella,Pinnacle Dynamics,Forward Incident Officer,11-Sep-14
Logan,Equinox Energy,"Director, Services Engineering",02-Sep-14
Sophia,Innovative Synergy,Executive Director and Chief Executive Officer,01-Sep-14
Benjamin,Stellar Ventures,Independent tech writer,01-Sep-14
Mia,Elevate Media,CEO and Co-founder,23-Aug-14
Mason,Synergy Dynamics,Founder,11-Aug-14
Amelia,Optima Enterprises,Senior Account Executive,06-Aug-14
Elijah,TerraTech Industries,Founding Director,05-Aug-14
Harper,Nexus Global,Marketing and Communications,28-Jul-14
Oliver,Optima Enterprises,Platform Delivery Manager,28-Jul-14
Evelyn,Catalyst Innovations,"Digital Platform Product Manager, Applied AI/ML Products",25-Jul-14
Jacob,NovaTech Solutions,Senior Analyst,17-Jul-14
Abigail,Apex Innovations,Executive Editor,15-Jul-14
Lucas,Pinnacle Dynamics,International Rights and Licensing Manager,14-Jul-14
Emily,Stratosphere Holdings,,08-Jul-14
Michael,Polaris Technologies,"Partner, Global Director, Ad Technology, Data & Measurement",01-Jul-14
Ella,Momentum Corp,Principal Engineer,11-Jun-14
Alexander,Zenith Technologies,Looking for new opportunities,04-Jun-14
Elizabeth,Optima Enterprises,Tour Director,02-Jun-14
Ethan,Peak Performance Solutions,"Head of Product, Uswitch",02-Jun-14
Camila,Optima Enterprises,Java Developer,29-May-14
Daniel,Horizon Technologies,,29-May-14
Luna,Omega Innovations,Head of Digital Advertising Operations,29-May-14
Matthew,Apex Innovations,"Art Director, Creative Designer",27-May-14
Sofia,Optima Enterprises,Creative Services Manager,27-May-14
Aiden,Apex Innovations,Global Editorial & Media Relations Manager,15-May-14
Avery,Zenith Enterprises,"Manager, Customer Success, META",10-May-14
Henry,Equinox Energy,Project Manager,06-May-14
Mila,Vantage Partners,Chief Executive Officer,05-May-14
Joseph,Blue Horizon Group,Senior Content Marketer,30-Apr-14
Aria,Apex Dynamics,Director Open Research,28-Apr-14
Jackson,Luminous Labs,Product Designer,25-Apr-14
Scarlett,Apex Dynamics,Director of Community Content & Social Engagement ,24-Apr-14
Samuel,Aurora Dynamics,Information Developer,24-Apr-14
Penelope,Pinnacle Dynamics,"Head of Product, Nature Index",24-Apr-14
Sebastian,Synergy Dynamics,CEO,24-Apr-14
Layla,Pinnacle Dynamics,Translator (English to Japanese),14-Apr-14
David,Pinnacle Dynamics,"Director of Data, Evidence and Insight",09-Apr-14
Chloe,Elevate Media,Developer,08-Apr-14
Carter,Elevate Media,Contributing Writer,03-Apr-14
Victoria,Vertex Systems,Consultant,03-Apr-14
Wyatt,Pinnacle Dynamics,"Senior Director of Operations, Dimensions Corporate",29-Mar-14
Madison,Equinox Energy,Vice President Commercial Partnerships and Strategic Business Development,28-Mar-14
Jayden,Pinnacle Dynamics,Senior DevOps Consultant (via Equal Experts),28-Mar-14
Eleanor,Vertex Ventures,Director Of Engineering,27-Mar-14
John,Radiant Software,"Head of Strategic Marketing, Research & Content Solutions",27-Mar-14
Grace,Horizon Ventures,Senior Engineer,27-Mar-14
Owen,Stratosphere Holdings,Retired,19-Mar-14
Nora,Horizon Technologies,Principal Architect ,14-Mar-14
Dylan,Vertex Systems,,13-Mar-14
Riley,Pinnacle Dynamics,Strategy Consultant,06-Mar-14
Luke,Pinnacle Services,Resourcing Manager,27-Feb-14
Zoey,Vanguard Consulting,"Editor-in-Chief, Patterns",25-Feb-14
Gabriel,Radiant Ventures,Senior Product Manager,13-Feb-14
Hannah,Synergy Dynamics,Tech Lead,10-Feb-14
Anthony,Vertex Innovations,Chief Science Writer,10-Feb-14
Hazel,Pinnacle Dynamics,Senior Scientific Officer,03-Feb-14
Isaac,Optima Enterprises,Principal UX Researcher (qual & quant),29-Jan-14
Lily,Nexus Global,Group Head of Portfolio,28-Jan-14
Grayson,Optima Enterprises,Solution Architect,23-Jan-14
Ellie,Peak Performance Solutions,"Director of Communications, Integrity, Ethics and Editorial Policy",14-Jan-14
Jack,Vanguard Consulting,Associate Marketing Director,09-Jan-14
Violet,Skyline Ventures,Senior Software Engineer,09-Jan-14
Julian,Optima Enterprises,Content Specialist,11-Dec-13
Lillian,NextGen Innovations,Administrative Assistant/Executive Assistant,09-Dec-13
Levi,Pinnacle Services,Head of Online Service,09-Dec-13
Addison,Optima Enterprises,Team Lead,05-Dec-13
Christopher,Optima Enterprises,Senior Consultant,03-Dec-13
Aubrey,Equinox Energy,News Editor,03-Dec-13
Joshua,Radiant Ventures,"Vice President Sales, Japan, South East Asia and Oceania",03-Dec-13
Stella,Vertex Innovations,Chief Scientific Officer,19-Nov-13
Andrew,Catalyst Innovations,Head of Commercial Marketing,12-Nov-13
Natalie,TerraTech Industries,Founder,06-Nov-13
Lincoln,Elevate Enterprises,Digital Marketing Director,30-Oct-13
Zoe,Elevate Media,Head of Software Engineering - Technical Products,24-Oct-13
Mateo,Aurora Dynamics,Founder and Chief Executive Officer,16-Oct-13
Leah,Vanguard Consulting,Senior Customer Success Manager,15-Oct-13
Ryan,Peak Performance Solutions,Head of Publishing Services,07-Oct-13
Hazel,Pinnacle Dynamics,"Commercial Director, Promotion and Talent Solutions",30-Sep-13
Jaxon,Vantage Partners,Sustainable Visitor Lecturer,27-Sep-13
Lucy,Catalyst Innovations,Senior Legal Assistant,24-Sep-13
Nathan,Elevate Media,Head of Data Analytics Platform,23-Sep-13
Paisley,Elevate Media,Director of Academic and Professional Publishing,23-Sep-13
Aaron,Innovative Synergy,"Head of Institutional Marketing, Nature Publishing Group/Palgrave Macmillan",23-Sep-13
Savannah,Optima Enterprises,"Senior Field Marketing Manager - UK&I Healthcare - at Nuance, a Microsoft company",23-Sep-13
Isaiah,Vertex Systems,"Chief Editor, Nature Plants",21-Sep-13
Claire,Pinnacle Dynamics,Project Manager,21-Sep-13
Thomas,Apex Innovations,Director of Open Access,18-Sep-13
Skylar,Vertex Ventures,Head of Strategic Marketing ‚Äì MPAS,17-Sep-13
Charles,Apex Innovations,"VP, Open Science Alliances",16-Sep-13
Bella,Apex Dynamics,"Senior Manager, Marketing Operations",15-Sep-13
Caleb,Momentum Corp,Research Compliance Officer,15-Sep-13
Aurora,Stratosphere Holdings,Freelance Engineer,10-Sep-13
Abigail,Equinox Energy,Sr. QA - Cosultant,10-Sep-13
Mohammed,Blue Horizon Group,Chartered Marketing & Certified Project Management Consultant,10-Sep-13
Mark,TerraTech Industries,Global Program Manager,10-Sep-13
William,Vertex Systems,Senior Engineering Manager,10-Sep-13
Mark,Elevate Enterprises,Owner and Principal Consultant,10-Sep-13
Emilia,Vertex Systems,Online Editor of Science,08-Sep-13
Abigail,Vertex Systems,Homeware Textile Design Intern,27-Aug-13
Steve,Pinnacle Dynamics,Research Funding Officer,27-Aug-13
Dmitri,QuantumWave Solutions,Genetics Researcher (Team) at LuminousMindInc.com,22-Aug-13
Andra,Vanguard Consulting,,31-Jul-13
Dmitri,Pinnacle Dynamics,Director of Circulation & Special Projects,29-Jul-13
Isabella,Pinnacle Dynamics,Outcome and Engagement Director,29-Jul-13
Nitin,Optima Enterprises,Chief Operating Officer | Co-Founder,22-Jul-13
Rafael,Vanguard Consulting,Gesch√§ftsf√ºhrerin / Direktorin,18-Jul-13
Steve,TerraTech Industries,Developer Technical Support Engineer,18-Jul-13
Steve,Pinnacle Dynamics,Senior Software Developer,18-Jul-13
Isabella,Summit Networks,Creative Lead,13-Jul-13
Mohammed,Vertex Systems,Mental Health Peer Support Worker,12-Jul-13
Sofia,NovaTech Solutions,Director of marketing,11-Jul-13
Mike,Optima Enterprises,VP Marketing,10-Jul-13
Dmitri,Peak Performance Solutions,Director and Publishing Consultant,09-Jul-13
Mike,Apex Innovations,"Managing Director, D&A hub",09-Jul-13
Emma,Omega Innovations,Launch Implementation Manager,09-Jul-13
Alain,Quantum Solutions,Head of Marketing and Communications,08-Jul-13
Mike,Eclipse Dynamics,"Head of Legal, MPIL",05-Jul-13
Mark,Optima Enterprises,Senior Lead Developer,05-Jul-13
Andra,Vertex Systems,Customer Center Specialist,05-Jul-13
Laura,Elevate Enterprises,Director of Portfolio Development,05-Jul-13
Aysha,Vertex Systems,EMEA Education Marketing,05-Jul-13
Mohammed,Omega Innovations,"Lead Deliver Manager, GOV.UK Content Design",04-Jul-13
Isabella,Radiant Software,Founder,04-Jul-13
Alain,Apex Innovations,Founder and Director,04-Jul-13
William,Horizon Technologies,Founder,06-Jun-13
Aysha,Pinnacle Dynamics,Senior Delivery Manager,05-Jun-13
Rafael,Vertex Innovations,Head of Digital Project Management,04-Jun-13
Emma,Optima Enterprises,Senior Software Engineer ,30-May-13
Alain,Eclipse Dynamics,Founder & Managing Director,29-May-13
Nitin,Horizon Ventures,Technical Director,29-May-13
Pruthvi,Infinity Resources,Senior Digital Product Manager,29-May-13
Laura,Blue Horizon Group,Director of Audience Engagement,15-May-13
Andra,Pinnacle Dynamics,CEO,14-May-13
Mike,Skyline Ventures,Self employed,14-May-13
Abigail,Optima Enterprises,Senior Android Engineer,09-May-13
Dmitri,Horizon Technologies,"Founder, Executive Council",08-May-13
Emilia,Elevate Media,Senior Vice President - Global Brand & Creative,08-May-13
Aysha,Pinnacle Dynamics,Commercial Director,02-May-13
Andra,Innovative Synergy,Independent Marketo Consultant,01-May-13
Mohammed,Apex Innovations,Chief Scientific Officer,01-May-13
Emma,Optima Enterprises,Masters Candidate,30-Apr-13
Abigail,Vertex Systems,Senior Software Developer,30-Apr-13
Tobias,Zenith Enterprises,Owner,30-Apr-13
Emma,Pinnacle Dynamics,Senior Technical Writer,24-Apr-13
Dmitri,QuantumWave Solutions,System Architect,22-Apr-13
Sofia,Vertex Systems,Business Change Analyst,22-Apr-13
Aysha,Infinity Resources,"Principal RnD Engineer, ICB Expert",22-Apr-13
Laura,Vertex Systems,"Head of Delivery, S-Platform",19-Apr-13
Mike,Horizon Ventures,VP of Engineering/Director of Engineer,18-Apr-13
Emma,Luminous Labs,"Vice President, Global Customer Service",18-Apr-13
Andra,PrimeWave Technologies,Software Developer,18-Apr-13
Andra,Apex Innovations,"Head of Communications UKI, Middle East, Turkey and Africa, Google Cloud ",10-Apr-13
Laura,Apex Innovations,Teacher of Science,08-Apr-13
Isabella,Vertex Systems,Director,04-Apr-13
Kalyani,Polaris Technologies,Senior Scrum Master,03-Apr-13
Emma,Stellar Ventures,Principal Agile Coach,31-Mar-13
Alain,Titanium Systems,Sage Corporate Product Manager (Enterprise Web),28-Mar-13
Kalyani,Zenith Enterprises,Student at TAFE Southbank,27-Mar-13
Aysha,Vertex Innovations,CEO,21-Mar-13
Steve,Apex Dynamics,Head of Vulnerability Operations,01-Mar-13
Kalyani,Skyline Ventures,Principal Tester | Leading the Test Team and Community of Practice,28-Feb-13
Kalyani,Titanium Systems,Teacher,27-Feb-13
Tobias,Pinnacle Dynamics,"Vice President, Research & Development",21-Feb-13
Steve,Vanguard Consulting,"Senior Engineer, PBS KIDS Digital",17-Feb-13
Mark,Catalyst Logistics,"Team Lead, Chart & Navigation",08-Feb-13
Abigail,Ascend Global,Technical Sourcer,30-Jan-13
Isabella,Elevate Media,Product Manager,15-Jan-13
Aysha,Momentum Corp,"Director, Technical Enablement",15-Jan-13
Alain,Synergy Dynamics,"SVP, Excite Platform",15-Jan-13
Laura,Eclipse Dynamics,"Vice President HR Business Partnering, Research Division",14-Jan-13
Mark,Zenith Enterprises,Sr. Principal Java Developer Evangelist - DevRel Director,08-Jan-13
Kalyani,Elevate Media,Chief of Staff,05-Jan-13
Pruthvi,Optima Enterprises,VP of Engineering,03-Jan-13
Sofia,TerraTech Industries,Non Executive Director,03-Jan-13
Kalyani,Pinnacle Dynamics,"Global Head of Plant, Animal, Food and Agriculture Journals",03-Jan-13
Tobias,Fusion Corp,Data Architect,03-Jan-13
Nitin,Apex Innovations,"Business Development, Fundraising and Partnership Lead",03-Jan-13
Andra,Vanguard Consulting,Product and Delivery Manager (via 101 Ways),17-Dec-12
Mohammed,Eclipse Dynamics,Agile Coach,12-Dec-12
Nitin,Pinnacle Dynamics,"Business Partner, Sourcing",27-Nov-12
William,Titanium Systems,"Radiographer, Nuclear Medicine",27-Nov-12
Rafael,Pinnacle Dynamics,Director Of Research Development,15-Nov-12
Mark,Vertex Ventures,Managing Editor,08-Nov-12
Steve,Vertex Ventures,Founding Partner and Chief of Product,05-Nov-12
Nitin,Horizon Ventures,Principal Consultant,04-Nov-12
Tobias,Blue Horizon Group,Global Head of Accessibility,27-Oct-12
Abigail,Polaris Technologies,Editor,23-Oct-12
Emilia,Vanguard Consulting,Co-Founder,12-Oct-12
Abigail,Apex Innovations,Senior Engineering Manager,12-Oct-12
Dmitri,Blue Horizon Group,Development Director II,12-Oct-12
Isabella,NovaTech Solutions,Consultant,12-Oct-12
Laura,Pinnacle Dynamics,Lecturer,21-Sep-12
William,PrimeWave Technologies,"Director, Content Operations Nokia Store",13-Sep-12
Laura,Ascend Global,Senior Software Engineer,07-Sep-12
Rafael,Vertex Systems,"Global Director, Research and Open Access",07-Sep-12
Mark,Optima Enterprises,"Sr Manager, Customer Operations | Technical Support | Content | Partnerships",07-Sep-12
Mark,Elevate Media,Technical Author,24-Aug-12
Abigail,Catalyst Innovations,Managing Director,14-Aug-12
Isabella,Elevate Media,Managing Director,08-Aug-12
Mark,Eclipse Dynamics,Senior Staff Engineer,01-Aug-12
Pruthvi,Radiant Ventures,Senior Marketing Communications Manager,23-Jul-12
Andra,Summit Networks,Senior Staff Engineer,18-Jul-12
Emma,Apex Innovations,Email Marketing Manager,12-Jul-12
Kalyani,Peak Performance Solutions,Corporate Partnerships Director,10-Jul-12
Isabella,Trailblazer Systems,VP Product Management,09-Jul-12
Isabella,Vantage Partners,Solutions Architect,18-Jun-12
Mark,NovaTech Solutions,Senior Engineer,15-Jun-12
Andra,Aurora Dynamics,Software Engineer,14-Jun-12
Pruthvi,Vertex Systems,Chief Architect,12-Jun-12
Mohammed,Skyline Ventures,Principal Software Engineer,28-May-12
Rafael,Pinnacle Dynamics,Founder,28-May-12
Dmitri,Pinnacle Dynamics,"Founder, Principal Consultant",02-May-12
Andra,QuantumWave Solutions,EMEA Principal Business Value Consultant,30-Apr-12
Pruthvi,Summit Networks,Director Product Research and Development,07-Apr-12
Laura,Catalyst Logistics,"Owner, Director",06-Apr-12
Mike,Zenith Enterprises,Senior Software Engineer,14-Feb-12
Sofia,NovaTech Solutions,Senior B.I. Developer,29-Jan-12
Laura,Infinity Resources,Senior Software Archtect,26-Jan-12
Rafael,Optima Enterprises,Senior Program Manager / COO / Management Team Member,25-Jan-12
Abigail,Blue Horizon Group,Company Director,15-Jan-12
Mike,Vertex Systems,Product Design Specialist ,13-Dec-11
Aysha,SummitTech Services,,13-Dec-11
Rafael,Vertex Systems,"VP, Product & Alliances",10-Dec-11
Nitin,Vantage Partners,Local Organiser for ORG Cambridge,07-Dec-11
Laura,Skyline Ventures,Senior Software Engineer,06-Dec-11
Pruthvi,Vertex Systems,"Senior Software/Data Engineer, Data Team, SwiftKey",02-Dec-11
Mark,Pinnacle Services,Manager,02-Dec-11
Aysha,Innovative Synergy,Human Resources Consultant,26-Nov-11
Rafael,Pinnacle Dynamics,Managing Principal,15-Nov-11
Emma,Apex Innovations,Copywriter,27-Oct-11
Kalyani,Elevate Media,"Director, Autonomous Systems and Robotics",26-Oct-11
Mike,Stratosphere Holdings,Founder Espression Arts CIC,21-Oct-11
Sofia,Pinnacle Services,Owner,21-Oct-11
Abigail,Zenith Enterprises,Chief Digital Officer (CDO),17-Oct-11
Mike,Titanium Systems,Assistant Professorial Research Fellow,06-Oct-11
Isabella,Blue Horizon Group,Community Manager getting PCs to Ukrainian school children ,22-Sep-11
Alain,Catalyst Innovations,Responsible Manager,15-Sep-11
Tobias,Vertex Systems,Developer,06-Sep-11
Aysha,Horizon Ventures,Senior SRE,05-Sep-11
Emma,Elevate Enterprises,Software Engineering Program Manager,05-Sep-11
Emilia,Ascend Global,Director,05-Sep-11
Mohammed,Aurora Dynamics,Head of Product Delivery,30-Aug-11
Aysha,Elevate Media,Professor,23-Aug-11
Rafael,Vanguard Consulting,Project Manager,15-Aug-11
Sofia,Summit Networks,Software Engineer,11-Aug-11
Abigail,Eclipse Dynamics,Emeritus Professor of Computer Systems,01-Aug-11
Laura,Ascend Global,Associate Professor,01-Aug-11
Abigail,Apex Innovations,Professor Emerita,01-Aug-11
Pruthvi,Vertex Systems,Lecturer in Publishing,15-Jul-11
Emma,Equinox Energy,Consultant,11-Jul-11
Sofia,Eclipse Dynamics,"Co-Founder, Head of Technology and Development",10-Jul-11
Rafael,Optima Enterprises,Full Professor,01-Jul-11
Laura,TerraTech Industries,"Engineering Director, Wear OS - London",26-Jun-11
Mike,Pinnacle Dynamics,Commercial Director,27-May-11
Rafael,Vertex Innovations,Product Manager,04-May-11
Isabella,Trailblazer Systems,"Associate Director, Data Governance",04-Apr-11
Rafael,Omega Innovations,VP of Open Research,26-Mar-11
Sofia,QuantumWave Solutions,Consultant,15-Mar-11
Emilia,Optima Enterprises,Group Director of Technology,14-Mar-11
Nitin,Peak Performance Solutions,Management Consultant,09-Mar-11
Tobias,Innovative Synergy,Institutional Sales Manager,04-Mar-11
Andra,Synergy Dynamics,Owner,02-Mar-11
Tobias,Zenith Enterprises,Software Engineer,28-Feb-11
Abigail,Omega Innovations,Partner & Director - TELUS Global Ventures,25-Feb-11
Isabella,Pinnacle Services,Project Manager / Scrum Master,09-Feb-11
Dmitri,SummitTech Services,Senior Product Owner (Data Science / Recommendations),09-Feb-11
William,Radiant Software,Research Fellow,09-Feb-11
Tobias,Vantage Partners,Principal Software Engineer,09-Feb-11
Mark,Momentum Corp,Dean's Advisory Board,09-Feb-11
Rafael,Vertex Systems,Lead DevOps Engineer,20-Jan-11
William,Eclipse Dynamics,CTO & co-founder,12-Jan-11
Andra,Summit Networks,Owner,06-Jan-11
Andra,Eclipse Dynamics,Emeritus Professor of Logic and Computation,05-Jan-11
William,Pinnacle Dynamics,Product Director,05-Jan-11
Aysha,Horizon Ventures,Senior Financial Systems Specialist,27-Nov-10
Abigail,Pinnacle Dynamics,Retired,15-Nov-10
Andra,Radiant Software,Project and Product Management Services,11-Nov-10
William,TerraTech Industries,Solution Architect ,09-Nov-10
Dmitri,SummitTech Services,Business Development and Executive Director,09-Nov-10
Nitin,Vantage Partners,"Multisport Coach, Mentor & Consultant.",04-Nov-10
Dmitri,Optima Enterprises,Director,23-Oct-10
Emilia,Zenith Technologies,Team Leader (Real-Time Market Data Feeds),21-Oct-10
Rafael,Aurora Dynamics,Developer Support,18-Oct-10
Steve,Pinnacle Dynamics,Producer,18-Oct-10
Dmitri,Optima Enterprises,Chief Legal Officer,16-Sep-10
Steve,Pinnacle Services,Senior Software Developer,16-Sep-10
Isabella,Stratosphere Holdings,Staff Information Developer,13-Sep-10
Emma,Eclipse Dynamics,"Head of Product Engineering, Integration and DevOps",08-Sep-10
Emma,Apex Innovations,Executive Manager,07-Sep-10
Andra,Catalyst Innovations,Consultant,05-Sep-10
Emma,Momentum Corp,Mobile Developer,02-Sep-10
Sofia,NextGen Innovations,Director,01-Sep-10
Abigail,Pinnacle Dynamics,Chief Digital Officer (CDO),30-Aug-10
Isabella,Aurora Dynamics,Adjunct Professor,18-Aug-10
Dmitri,Eclipse Dynamics,Business Development Partner,13-Aug-10
Nitin,Optima Enterprises,Senior Editor | Research & Learning | Trade | Professional Technology,02-Aug-10
Alain,Pinnacle Dynamics,"Senior Vice President Operations, COO",28-Jul-10
Andra,Optima Enterprises,Commercial Director,18-Jul-10
Tobias,Stratosphere Holdings,Director,04-Jul-10
Alain,Elevate Media,Sales Representative,02-Jul-10
Tobias,Catalyst Innovations,Software Process & Methodology & Conformity Engineer,28-Jun-10
Alain,Elevate Enterprises,Technical Trainer,25-Jun-10
Nitin,Stellar Ventures,Cloud Engineering Lead,25-Jun-10
Mohammed,Optima Enterprises,"Head of Strategy & Analysis, PMT, Automotive Engineering at Continental",22-Jun-10
Kalyani,Luminous Labs,"Founder, CTO",17-Jun-10
Pruthvi,Skyline Ventures,"Vice President Of Product, Engineering and Innovation",16-Jun-10
Rafael,Pinnacle Services,MVP Methodologies & Content Engagement,14-Jun-10
Laura,Elevate Media,Senior Escalation Manager,10-Jun-10
Dmitri,Synergy Dynamics,Senior Software Developer,08-Jun-10
Laura,Zenith Technologies,Senior Software Engineer,07-Jun-10
Pruthvi,Vanguard Consulting,Founder,07-Jun-10
Aysha,Eclipse Dynamics,Principal Solutions Engineer,07-Jun-10
Tobias,Momentum Corp,,02-Jun-10
Laura,Elevate Enterprises,"Senior Product Manager, Data Privacy",31-May-10
Nitin,Optima Enterprises,CTO and Head of AI R&D,30-May-10
Alain,Zenith Technologies,Change Partner,29-May-10
Rafael,SummitTech Services,Chief Information Security Officer,29-May-10
Sofia,Ascend Industries,Project Lead,27-May-10
Laura,Radiant Software,CTO,26-May-10
Alain,Radiant Ventures,C++ developer,25-May-10
Isabella,Apex Dynamics,Director of Product Management,24-May-10
Rafael,Ascend Industries,Senior Human Resources Business Partner,24-May-10
Alain,Elevate Media,Community Manager,24-May-10
Steve,Synergy Dynamics,,18-May-10
Dmitri,Elevate Media,Consultant,14-May-10
Dmitri,Vertex Systems,"Specialist, Game Development",12-May-10
Dmitri,Eclipse Dynamics,Lead Delivery Manager,06-May-10
Alain,Radiant Ventures,Software engineer,05-May-10
Liam,Fusion Corp,Group Manager,05-May-10
Emma,Optima Enterprises,Venture Partner,05-May-10
Noah,Optima Enterprises,Co-Founder & CEO,04-May-10
Olivia,Catalyst Innovations,Head Of Technology,04-May-10
William,Fusion Corp,Chief Product Officer,04-May-10
Ava,Optima Enterprises,"Managing Director, UK & Europe",04-May-10
James,Ascend Global,,30-Apr-10
Isabella,Vertex Systems,CEO & Founder,29-Apr-10
Logan,Stratosphere Holdings,CEO,27-Apr-10
Sophia,Aurora Dynamics,CFO,21-Apr-10
Benjamin,PrimeWave Technologies,Senior Director Sales Operations,21-Apr-10
Mia,Optima Enterprises,Product Manager,21-Apr-10
Mason,Pinnacle Dynamics,"Director, Client and Partner Services",20-Apr-10
Amelia,QuantumWave Solutions,Group Software Quality Manager,01-Apr-10
Elijah,NovaTech Solutions,Senior/Lead Mobile Developer (contract),29-Mar-10
Harper,NextGen Innovations,Bit Crusher (Software Engineer),24-Mar-10
Oliver,Nexus Global,Senior Director of Product Management,22-Mar-10
Evelyn,Pinnacle Dynamics,"PO of AI technology and solutions, former Head of Graphics, former Head of Product Management",22-Mar-10
Jacob,Pinnacle Services,Strategic Business Leader,17-Mar-10
Abigail,Elevate Enterprises,Requirements Analyst,16-Mar-10
Lucas,Pinnacle Dynamics,Project Manager,16-Mar-10
Emily,Pinnacle Dynamics,Linux Engineering Manager,15-Mar-10
Michael,Apex Dynamics,Mobile Engineering,15-Mar-10
Ella,Elevate Media,Software Engineering Manager (2nd line),11-Mar-10
Alexander,Horizon Technologies,Mede-eigenaar King of Herrings Art Printing,11-Mar-10
Elizabeth,NovaTech Solutions,"Director, International Licensing",05-Mar-10
Ethan,Stellar Ventures,Senior Documentation Specialist,03-Mar-10
Camila,Apex Innovations,Product Consultant,17-Feb-10
Daniel,Peak Performance Solutions,Associate Teaching Professor,17-Feb-10
Luna,Pinnacle Dynamics,Governing Board Member,17-Feb-10
Matthew,Optima Enterprises,Global Campaign Director,16-Feb-10
Sofia,Pinnacle Dynamics,Head of Delivery,15-Jan-10
Aiden,Catalyst Logistics,Staff Engineer,08-Jan-10
Avery,Eclipse Dynamics,SDM III ,08-Jan-10
Henry,Pinnacle Dynamics,Founder,08-Jan-10
Mila,Elevate Media,Business Events Project Manager,28-Dec-09
Joseph,Omega Innovations,Senior Developer,07-Dec-09
Aria,Apex Dynamics,Head of Devices,21-Nov-09
Jackson,Optima Enterprises,Vice President,20-Nov-09
Scarlett,Optima Enterprises,Head of Computing,12-Nov-09
Samuel,Pinnacle Dynamics,Director,12-Nov-09
Penelope,Optima Enterprises,Senior Technical Manager/ Solution Consultant ,06-Nov-09
Sebastian,Titanium Systems,"Standards Committee, P2520 Working Group",06-Nov-09
Layla,Eclipse Dynamics,Technically Retired ,06-Nov-09
David,Elevate Enterprises,Senior Engineer,06-Nov-09
Chloe,Eclipse Dynamics,"Senior Manager and Lead Architect, Data Platform and Ingestion",06-Nov-09
Carter,Vanguard Consulting,Technical Project Manager,06-Nov-09
Victoria,Pinnacle Dynamics,Senior Solutions Advisor,06-Nov-09
Wyatt,Vertex Systems,Senior Engineering Manager,06-Nov-09
Madison,Optima Enterprises,CEO,06-Nov-09
Jayden,Vertex Systems,Software Developer,03-Nov-09
Eleanor,Peak Performance Solutions,Chief Product and Technology Officer (CPTO),02-Nov-09
John,Horizon Ventures,Engineering Manager,26-Oct-09
Grace,Pinnacle Services,Chief Content Officer,16-Oct-09
Owen,Equinox Energy,AI Research Project Leader,13-Oct-09
Nora,Vantage Partners,Director,08-Oct-09
Dylan,Radiant Software,Senior Product Manager,07-Oct-09
Riley,Omega Innovations,,07-Oct-09
Luke,Apex Innovations,Service Director for Executive Programs,29-Sep-09
Zoey,Apex Innovations,Product Owner Mobile & Desktop Apps,28-Sep-09
Gabriel,Elevate Media,Board Member,25-Sep-09
Hannah,Zenith Enterprises,Product Manager,24-Sep-09
Anthony,Aurora Dynamics,Psychotherapist,24-Sep-09
Hazel,Momentum Corp,Head of Tech Transfer,22-Sep-09
Isaac,Vertex Systems,Software Architect,18-Sep-09
Lily,TerraTech Industries,Sales and Marketing Director,15-Sep-09
Grayson,Aurora Dynamics,Product Marketing Director,08-Sep-09
Ellie,Elevate Media,Senior Software Development Engineer,03-Sep-09
Jack,Horizon Ventures,"Director, Legal",27-Aug-09
Violet,Pinnacle Dynamics,Managing Director / Principal Consultant,17-Aug-09
Julian,Radiant Ventures,Software Engineer,14-Aug-09
Lillian,Vertex Innovations,IT Coordinator,14-Aug-09
Levi,Horizon Ventures,Principal Software Engineering Manager,14-Aug-09
Addison,PrimeWave Technologies,"Quantum Finance Lab, Network Coordinator",14-Aug-09
Christopher,Zenith Enterprises,Director of Cloud Architecture - Azure Digital Sales,14-Aug-09
Aubrey,Elevate Media,Electronics and software consultant,06-Aug-09
Joshua,Elevate Media,Technical Lead,04-Aug-09
Stella,SummitTech Services,Director and Flight Instructor,29-Jul-09
Andrew,TerraTech Industries, Technology Practice EMEA,27-Jul-09
Natalie,Optima Enterprises,Senior Solutions Architect,22-Jul-09
Lincoln,Optima Enterprises,Engineering Manager,21-Jul-09
Zoe,Ascend Industries,Chief Marketing Officer,20-Jul-09
Mateo,SummitTech Services,R&D Director,20-Jul-09
Leah,Optima Enterprises,Software Engineer,20-Jul-09
Ryan,Optima Enterprises,Principal Software Architect,15-Jul-09
Hazel,Optima Enterprises,"Interim Director, Provincial HCMS Solution Transformation",24-Jun-09
Jaxon,Pinnacle Dynamics,eCommerce Consultant,24-Jun-09
Lucy,Optima Enterprises,Software Engineer,23-Jun-09
Nathan,Fusion Corp,Fractional CPO / Advisor,23-Jun-09
Paisley,Vertex Systems,"A Unique, Gifted, Authentic, Wise, Generous, Humorous Professional and Person of Immense Integrity",21-Jun-09
Aaron,Vertex Systems,Accounts Receivable Officer ,14-Jun-09
Savannah,Elevate Media,Technical Program Manager,14-Jun-09
Isaiah,Synergy Dynamics,AMT Development Manager,14-Jun-09
Claire,Trailblazer Systems,Principal Cloud Architect,02-Jun-09
Thomas,Optima Enterprises,CTO (Technology and Product),19-May-09
Skylar,Innovative Synergy,Android Developer at Televisa (currently Televisa-Univision),19-May-09
Charles,Apex Innovations,"Senior Director of Marketing, AI Lab",19-May-09
Bella,Pinnacle Dynamics,Director Client Experience,19-May-09
Caleb,Optima Enterprises,Senior Content Advisor,15-May-09
Aurora,Elevate Media,Enterprise Agility Coach,13-May-09
Laura,Luminous Labs,Blogger,13-May-09
Laura,TerraTech Industries,Senior Embedded Software Engineer,11-May-09
Laura,Zenith Enterprises,"Software Engineer, Test and Infrastructure",07-May-09
Abigail,Eclipse Dynamics,"Entrepreneurial Progress Partner, Coach & Mentor",07-May-09
Andra,PrimeWave Technologies,Heritage Made Digital Portfolio Manager (Interim),05-May-09
Andra,SummitTech Services,Director of People ,05-May-09
Mohammed,Momentum Corp,Managing Partner,05-May-09
Dmitri,Aurora Dynamics,Senior Web Developer ,05-May-09
Steve,Catalyst Innovations,"Project Manager, Infrastructure",03-May-09
Isabella,Omega Innovations,Co-Founder & Director,03-May-09
Isabella,Radiant Software,Head of Software Engineering,03-May-09
Abigail,Vertex Innovations,Expert Software Engineer,03-May-09
Tobias,Stellar Ventures,Senior Manager,03-May-09
Laura,Summit Networks,Teaching Assistant,01-May-09
Sofia,Elevate Media,Professor of Computer Science and Technology Evangelist,27-Apr-09
Aysha,Fusion Corp,VP Product,25-Apr-09
Mark,Elevate Media,Senior Market Development Manager,25-Apr-09
Sofia,Elevate Enterprises,Education Assistant,19-Apr-09
Laura,Pinnacle Dynamics,Director,19-Apr-09
Nitin,Apex Innovations,,15-Apr-09
Mark,Momentum Corp,"Head of Brand, Reputation & Regional Developer Marketing",15-Apr-09
Isabella,Optima Enterprises,Senior Product Manager,15-Apr-09
Laura,SummitTech Services,Outsourcing Manager,09-Apr-09
Abigail,Stratosphere Holdings,Director,27-Mar-09
Mike,Vantage Partners,"Senior Director, DevSecOps",23-Mar-09
Laura,Elevate Media,Vice President - Mobility,20-Mar-09
Dmitri,Horizon Technologies,Chief Strategy Officer,16-Mar-09
Dmitri,Eclipse Dynamics,"Founder, Senior Technical Trainer/Senior SW Architect",16-Mar-09
Emma,Horizon Ventures,Technical Writer,12-Mar-09
Andra,Elevate Media,R&D,12-Mar-09
Tobias,Elevate Media,Senior Software Engineer,11-Mar-09
Tobias,Synergy Dynamics,Senior Commercial Partner Manager,02-Mar-09
Steve,Pinnacle Dynamics,Director of Product Engineering,26-Feb-09
Laura,Vertex Systems,Reporting & Visualisation Manager,26-Feb-09
Mark,Synergy Dynamics,Associate Director,26-Feb-09
Laura,Equinox Energy,Senior Mobile Software Engineer / Project Lead / Architect,26-Feb-09
Alain,Apex Innovations,,25-Feb-09
Mark,Pinnacle Dynamics,Head of Defence Business,24-Feb-09
Steve,Stratosphere Holdings,Software Engineer,19-Feb-09
Emma,Radiant Software,SVP Product,19-Feb-09
Emilia,Trailblazer Systems,,19-Feb-09
Emma,Pinnacle Dynamics,Infrastructure Engineer,18-Feb-09
Sofia,Optima Enterprises,Guest Lecturer,15-Feb-09
Steve,QuantumWave Solutions,Senior Technical Program Manager,14-Feb-09
Kalyani,Blue Horizon Group,Principal Product Manager,13-Feb-09
Pruthvi,Eclipse Dynamics,Wikimedian in residence (25%),13-Feb-09
Alain,Apex Innovations,President and Co-Founder,06-Feb-09
Kalyani,Vertex Systems,,03-Feb-09
Steve,Pinnacle Dynamics,"Co-founder, Member of Board of Directors",30-Jan-09
Abigail,Fusion Corp,Head of Partnerships,23-Jan-09
Andra,Elevate Media,Senior Lead Product and Development Manager - Open Video Platform,21-Jan-09
Aysha,Horizon Ventures,"Global Brand Director, GSMA and MWC Event Series",21-Jan-09
Mike,Nexus Global,Consultant,19-Jan-09
Pruthvi,Optima Enterprises,Technical Lead Manager,18-Jan-09
Steve,Horizon Ventures,Engineering Manager,18-Jan-09
Emma,Peak Performance Solutions,Software Engineer,18-Jan-09
Emma,Elevate Media,Director,18-Jan-09
Mike,Pinnacle Dynamics,"Senior Manager, Strategic Supply Management",12-Jan-09
Sofia,Quantum Solutions,Man of the World,01-Jan-09
Mark,Pinnacle Dynamics,Director,01-Jan-09
Sofia,Apex Innovations,"Editor, Inflight magazine",29-Dec-08
Kalyani,Elevate Media,Managing Director,05-Dec-08
Isabella,Trailblazer Systems,Computer Numerical Control Programmer,04-Dec-08
Laura,Pinnacle Dynamics,User Experience Lead -  Engineering Transformation,04-Dec-08
Mohammed,Catalyst Innovations,"Co-Founder, Director",02-Dec-08
Andra,Infinity Resources,Project Manager,24-Nov-08
Mohammed,Optima Enterprises,VP of Engineering,22-Nov-08
Abigail,Eclipse Dynamics,Director of Program Management,22-Nov-08
Tobias,NextGen Innovations,,22-Nov-08
William,Vertex Systems,"Vice President, Content Strategy",17-Nov-08
Pruthvi,Fusion Corp,Vice President of Product Management,13-Nov-08
Steve,Pinnacle Dynamics,National Technology Leader,26-Oct-08
Alain,Luminous Labs,Chief Assistant Expert and Chief Computer Vision Expert,15-Oct-08
Emma,Fusion Corp,Managing Director,10-Oct-08
Mike,Radiant Software,HR Director - Private Capital,06-Oct-08
Emma,Optima Enterprises,Software Engineering Manager/Chief Software Architect,06-Oct-08
Isabella,Elevate Media,Senior Software Designer,05-Oct-08
Laura,NovaTech Solutions,Senior Software Engineer,04-Oct-08
Alain,PrimeWave Technologies,Part-Time Studies Instructor,24-Sep-08
Mike,Stellar Ventures,Envato Author,18-Sep-08
Pruthvi,Pinnacle Dynamics,Freelance Software developer,16-Sep-08
Steve,Omega Innovations,Founder,15-Sep-08
Sofia,Momentum Corp,Founder and CTO,27-Aug-08
Mike,Quantum Solutions,List Manager Accounting and Finance,13-Aug-08
Emma,Eclipse Dynamics,"Director, Client-side Technologies",11-Aug-08
Emilia,Luminous Labs,Multi-Disciplinary Engineer,11-Aug-08
Steve,Optima Enterprises,Publishing Director,08-Aug-08
Steve,Eclipse Dynamics,Trainer & Consultant,06-Aug-08
Sofia,Aurora Dynamics,Mobile R&D,05-Aug-08
Dmitri,Innovative Synergy,Program Manager,05-Aug-08
Kalyani,Horizon Ventures,Software Engineer,01-Aug-08
Pruthvi,Infinity Resources,Technical Lead - Community Experience,28-Jul-08
Alain,Elevate Media,CEO T3DT  (Take Away 3D Tech),28-Jul-08
Dmitri,Pinnacle Dynamics,CEO and Founder,23-Jul-08
Mark,Elevate Media,Digital Innovation Senior Manager,22-Jul-08
Andra,Polaris Technologies,Staff Software Engineer AI/ML,17-Jul-08
Aysha,Vanguard Consulting,CEO,04-Jul-08
Isabella,Horizon Technologies,Grad Student (on a study break from my Software Engineering work),20-Jun-08
Kalyani,Trailblazer Systems,Business Unit Manager and Site Manager - Karlskrona,19-Jun-08
Alain,Optima Enterprises,Technical Lead Engineer,13-Jun-08
Mike,Pinnacle Dynamics,Sales Director / Partner,12-Jun-08
William,Zenith Technologies,Project Manager,11-Jun-08
Abigail,Elevate Enterprises,Senior Software Developer,06-Jun-08
Isabella,TerraTech Industries,CI Engineer,06-Jun-08
Sofia,Eclipse Dynamics,Expert IT Developer,03-Jun-08
Mark,Catalyst Logistics,Director,23-May-08
Abigail,Synergy Dynamics,Senior Staff Engineer,16-May-08
Laura,NextGen Innovations,Senior Delivery Manager,11-May-08
Andra,Aurora Dynamics,Senior User Experience Designer,02-May-08
Kalyani,Quantum Solutions,"Senior Manager, Technology Consulting",18-Apr-08
Andra,Ascend Industries,Commercial Director,12-Apr-08
Pruthvi,Pinnacle Dynamics,Co-Founder and Managing Partner,03-Apr-08
Emilia,PrimeWave Technologies,Head of Support Processes & Standards,30-Mar-08
Mike,Stellar Ventures,Design System Engineer,28-Mar-08
Sofia,Stratosphere Holdings,"Senior Advisor, Startups & Technology & Maritime",27-Mar-08
William,Pinnacle Dynamics,Doctor,25-Mar-08
Dmitri,Radiant Software,Senior Customer Engagement Executive,24-Mar-08
Sofia,Horizon Ventures,Director of Communications and Marketing,03-Mar-08
Sofia,Trailblazer Systems,Employee,29-Feb-08
Steve,Pinnacle Dynamics,Founder,28-Feb-08
Aysha,SummitTech Services,Founder and CEO,28-Feb-08
Sofia,Pinnacle Dynamics,Founder & CEO,27-Feb-08
Andra,Elevate Media,Professor of Algorithmic and Microbial Genomics,21-Feb-08
Tobias,Ascend Global,Senior Product Marketing Manager - Midnight,01-Feb-08
Aysha,Elevate Media,Senior Data Analyst,10-Jan-08
Steve,Eclipse Dynamics,Technical Author/Documentation Specialist,31-Dec-07
Pruthvi,Polaris Technologies,Managing Director,04-Dec-07
Laura,Vantage Partners,Co-Founder,04-Dec-07
Emma,Blue Horizon Group,PKI Capability Architect,03-Dec-07
Abigail,Zenith Technologies,FH Professor / Digital Technologies,27-Nov-07
Pruthvi,Vertex Systems,Specialist Manager | GenAI | RAG,20-Nov-07
Aysha,Catalyst Logistics,Business Coach and Consultant,15-Nov-07
Alain,Optima Enterprises,CTO & Founder,15-Nov-07
Laura,Luminous Labs,Senior Software Designer,15-Nov-07
Nitin,Eclipse Dynamics,Software Development Engineer,12-Nov-07
Laura,Pinnacle Dynamics,"Software Engineer, iPlayer Off Product Discovery",12-Nov-07
Aysha,Elevate Media,"Founder, CEO and Studio Head",08-Nov-07
Mohammed,Vertex Systems,Chief Executive Officer,30-Oct-07
Steve,Vertex Systems,Head of Engineering,29-Oct-07
William,Titanium Systems,Managing Director,29-Oct-07
Emma,Apex Innovations,Global Head of Product for Generative AI,28-Oct-07
Mike,SummitTech Services,Chief Technology & Product Officer,28-Oct-07
Alain,QuantumWave Solutions,Freelance Mobile Developer,27-Oct-07
Emilia,Pinnacle Dynamics,VP of Engineering,11-Oct-07
Abigail,Stratosphere Holdings,System Architect,10-Oct-07
Andra,Radiant Software,Sr Software Engineer,02-Oct-07
Sofia,QuantumWave Solutions,Meditation Instructor and Training in Power Teacher,02-Oct-07
Alain,Radiant Ventures,"Director of Engineering, Central Games Technology",01-Oct-07
Laura,Elevate Media,Global Chief Information Officer,01-Oct-07
Sofia,Quantum Solutions,Development Manager,24-Sep-07
Pruthvi,Vertex Systems,Lead Platform Architect,20-Sep-07
Pruthvi,Pinnacle Dynamics,Advisor and Project Manager,18-Sep-07
Mike,Optima Enterprises,Product Consulting ,17-Sep-07
William,Pinnacle Dynamics,"General Manager, Hardware Team",14-Sep-07
Laura,Vantage Partners,Co Founder,14-Sep-07
Steve,Elevate Media,Solutions Manager,05-Sep-07
Mohammed,Optima Enterprises,Product Engineer,05-Sep-07
Mike,Horizon Ventures,Founder & Principal Coach,28-Aug-07
Kalyani,Vantage Partners,Head of Compute and Fronthaul,27-Aug-07
Emilia,Pinnacle Dynamics,Software Architect and Lean/Agile Consultant,23-Aug-07
Steve,Optima Enterprises,Forum Nokia Champion,22-Aug-07
Steve,Polaris Technologies,Founder,13-Aug-07
Aysha,Elevate Media,Co-Founder,10-Aug-07
Mike,Zenith Technologies,VP Publishing,09-Aug-07
Emilia,Elevate Media,Shop Owner,09-Aug-07
Aysha,Quantum Solutions,Owner,30-Jul-07
William,Ascend Global,Architect,23-Jul-07
Alain,Fusion Corp,Director,15-Jul-07
Laura,Nexus Global,Grand Poobah,08-Jul-07
Nitin,NovaTech Solutions,Principal Software Engineer,04-Jul-07
Aysha,Pinnacle Dynamics,"Founder, writer, consultant, contractor",02-Jul-07
William,NovaTech Solutions,Principal Software Architect,30-Jun-07
Pruthvi,Horizon Ventures,Senior Project Manager,30-Jun-07
Isabella,Elevate Media,Audio Tuning Specialist,30-Jun-07
Dmitri,Radiant Software,Head of Engineering,28-Jun-07
Isabella,Titanium Systems,Research Fellow and Lecturer,24-Jun-07
Laura,Eclipse Dynamics,Chairperson,21-Jun-07
Nitin,Vertex Ventures,Director of Product Management,11-Jun-07
Steve,Ascend Global,Researcher,06-Jun-07
Kalyani,Pinnacle Dynamics,Head of Platforms and Development,28-May-07
Sofia,Blue Horizon Group,Commercial Contracts Officer,28-May-07
Pruthvi,Eclipse Dynamics,System Manager,24-May-07
Laura,Pinnacle Services,Technology Manager,22-May-07
Pruthvi,Optima Enterprises,Senior Mobile Productivity Engineer,12-May-07
Mark,Eclipse Dynamics,Semi Retired,12-May-07
Mohammed,TerraTech Industries,Chief Technology Officer,31-Mar-07
Dmitri,Luminous Labs,Group Head of People & Culture ,31-Mar-07
Laura,Titanium Systems,Sr. Customer Success Manager,21-Mar-07
Kalyani,Trailblazer Systems,Game Producer,21-Mar-07
Steve,Omega Innovations,Software Development Manager,15-Mar-07
Laura,Aurora Dynamics,"Sr. Director, Head of Operations (2K, 31st Union)",15-Mar-07
Laura,Pinnacle Dynamics,Chief Development and Production Officer,15-Mar-07
Laura,Eclipse Dynamics,Principal Technical Leader,15-Mar-07
Pruthvi,Eclipse Dynamics,Head of Transaction Operations,13-Mar-07
Laura,Eclipse Dynamics,Senior Director of Product Management,09-Mar-07
Mike,Vertex Systems,Software Engineer,09-Mar-07
Laura,Stellar Ventures,Cloud Consultant & Trainer (8x Google Certified),22-Feb-07
Tobias,Apex Dynamics,Senior Software Engineer,08-Feb-07
Mohammed,Optima Enterprises,Information Security Officer,08-Feb-07
Laura,Optima Enterprises,Quality Chapter Lead,06-Feb-07
Laura,Optima Enterprises,Mobile Engineer Lead,06-Feb-07
Dmitri,Radiant Ventures,Software Architect,01-Feb-07
Dmitri,Vertex Systems,Freelance Professional Contemporary Artist & Art Tutor,09-Jan-07
Andra,Infinity Resources,Urban Lumberjack & Co-Founder,06-Jan-07
Andra,Titanium Systems,"Head of Marketing and Creative, Nordic",05-Jan-07
Steve,Optima Enterprises,Senior Software Developer Business Unit,23-Dec-06
Mike,Ascend Industries,Chair/Vice-Chair of Sea-to-Sky Branch of EGBC,01-Dec-06
Kalyani,Pinnacle Dynamics,Senior Support Engineer 3,01-Dec-06
Kalyani,Nexus Global,Chief Executive Officer,25-Oct-06
Emilia,Blue Horizon Group,Co-Founder,24-Oct-06
Alain,Pinnacle Dynamics,Sr. Director Games,11-Oct-06
Kalyani,Innovative Synergy,Senior Technical Product Manager,10-Oct-06
Andra,Quantum Solutions,Senior Director of Technology Management,30-Aug-06
Abigail,Elevate Enterprises,Director de Operaciones y Nuevos Servicios,21-Aug-06
Mark,Vertex Systems,Software Development Engineer - Robotics and IIoT,21-Aug-06
Mark,Catalyst Logistics,Product Manager,17-Aug-06
Abigail,Zenith Technologies,Senior Developer,17-Jul-06
Mike,Ascend Industries,"Vice President, Technology Strategy and Partnerships at Qualcomm",12-Jul-06
Mark,Elevate Enterprises,Owner & CEO,05-Jul-06
Mohammed,Pinnacle Dynamics,Director of Upper School,05-Jul-06
Mark,Zenith Enterprises,CEO at Cirrus Logic,05-Jul-06
Mark,Omega Innovations,,23-Jun-06
Emilia,Optima Enterprises,Head of Major Events & Community Fundraising,17-Jun-06
Steve,Eclipse Dynamics,Chief Technology Officer,15-Jun-06
Alain,SummitTech Services,Senior Technical Writer ,15-Jun-06
Tobias,Elevate Media,UK Director of Engineering,01-Jun-06
Abigail,Vantage Partners,Senior Software Engineer,30-May-06
Kalyani,NovaTech Solutions,Innovation Advisor,29-May-06
Mark,Stratosphere Holdings,Chair,29-May-06
Tobias,Stratosphere Holdings,"Engineering Director, Server Commercial Engineering",21-May-06
William,Vertex Systems,Board Member,15-May-06
Isabella,Optima Enterprises,Program Management lead,24-Mar-06
Emilia,Horizon Technologies,Head Of Software Development,21-Mar-06
Laura,Blue Horizon Group,Partner Community Manager,28-Feb-06
Andra,Elevate Media,Head of Finance - Controller,20-Feb-06
Rafael,Infinity Resources,"Principal Engineer, Software",19-Feb-06
Emilia,Eclipse Dynamics,"SVP, Special Purpose Networks",15-Feb-06
Mike,Pinnacle Dynamics,Technical Product Manager,12-Feb-06
Laura,Apex Innovations,CEO & co-founder,08-Feb-06
Emilia,Polaris Technologies,"SENIOR VICE PRESIDENT, GLOBAL CLIENT PARTNER",23-Jan-06
Sofia,Horizon Ventures,IT Executive Leadership,30-Nov-05
Mike,Apex Innovations,Principal Technologist,28-Nov-05
Emma,Pinnacle Dynamics,Developer,27-Nov-05
Tobias,Nexus Global,Director,26-Nov-05
Tobias,Ascend Global,Data Consultant,26-Nov-05
Mike,Elevate Media,Community Project Manager,24-Nov-05
Kalyani,Pinnacle Dynamics,Director/Consultant,24-Nov-05
Rafael,Radiant Software,AVP Global Technology (Algo Trading),22-Nov-05
Abigail,Omega Innovations,Technical Lead,05-Nov-05
Rafael,Catalyst Logistics,Comprehensive Financial Advisor,01-Nov-05
Isabella,Horizon Technologies,SW Test Manager (SDET),01-Nov-05
Mohammed,Stellar Ventures,Distinguished Architect,01-Nov-05
Laura,Pinnacle Dynamics,"Head of Marketing, Developer Ecosystem Expansion, Mixed Reality",26-Oct-05
Tobias,Vertex Innovations,Senior iOS Developer,26-Oct-05
Alain,Innovative Synergy,,25-Oct-05
Rafael,Ascend Industries,Senior iOS Developer / Mobile Architect,24-Oct-05
Rafael,TerraTech Industries,Software Engineer,24-Oct-05
Tobias,Pinnacle Dynamics,Senior iOS Developer,24-Oct-05
Sofia,NextGen Innovations,Head Of Engineering,21-Oct-05
Dmitri,Quantum Solutions,"Head of Product Development, Envysion",20-Oct-05
Mark,Apex Innovations,Manager,20-Oct-05
Abigail,Vertex Ventures,Director of Commercial Operations,17-Oct-05
Mark,Apex Innovations,Consultant: Software Development in Healthcare ,17-Oct-05
Alain,Vertex Systems,Professional Musician,17-Oct-05
Isabella,Nexus Global,Director Compensation,30-Sep-05
Steve,Quantum Solutions,Security Support manager,21-Sep-05
Rafael,Optima Enterprises,"Director of Project Management, Architecture & Technology Group",20-Sep-05
Kalyani,Pinnacle Dynamics,DevOps Manager,13-Sep-05
Aysha,Vertex Innovations,Principal Engineer,06-Sep-05
Alain,Ascend Global,Founder,01-Sep-05
Rafael,Radiant Software,Senior Associate,26-Aug-05
Dmitri,Peak Performance Solutions,VP of Engineering,19-Aug-05
Mike,Pinnacle Dynamics,Technical Writer,19-Aug-05
William,Nexus Global,CTO and Founder,16-Aug-05
Nitin,Pinnacle Dynamics,Senior Bioinformatics Engineer,16-Aug-05
Kalyani,Vertex Systems,Platform Architect,02-Aug-05
Mark,Vanguard Consulting,Head of KNOX Tech PreSales EU,26-Jul-05
William,Apex Innovations,Founder & Chairman,22-Jul-05
Aysha,Eclipse Dynamics,Senior Staff Engineer,08-Jul-05
Emilia,Catalyst Innovations,Program Portfolio Manager,08-Jul-05
Emma,Synergy Dynamics,Director of Product Management - Analytic & Generative AI for Enterprise,08-Jul-05
Mark,Omega Innovations,Software Development Manager,08-Jul-05
Mohammed,Quantum Solutions,Chief Technology Officer,07-Jul-05
Mark,Optima Enterprises,R&D Director,07-Jul-05
Emma,Vertex Systems,,06-Jul-05
Mark,Fusion Corp,Founder and CTO,05-Jul-05
Andra,Pinnacle Dynamics,Head of IT Architecture,03-Jul-05
Laura,Catalyst Innovations,Managing Director and Principal Consultant,20-Jun-05
Sofia,Elevate Media,Co-Founder,20-Jun-05
Emma,Ascend Global,Snr Software Development Manager,20-Jun-05
Sofia,Stellar Ventures,Staff Engineer and Team Lead,20-Jun-05
Mark,Fusion Corp,Co-chair Digital Health Committee,06-Jun-05
Andra,Apex Innovations,CEO,04-Apr-04
Mark,Elevate Media,Associate Partner,04-Apr-04